issuer_name,serial_primary,serial_secondary,recipient,sender_name,sender_address,amount_value,amount_currency,amount_written,date,signature,is_fraud,fraud_type,fraud_confidence
USPS,50517399583,REF682235,David Rodriguez,David Jackson,"8126 Oak Ave, Houston, NY 91422",1500,USD,ONE THOUSAND FIVE HUNDRED,09-25-2025,Agent Martinez,0,none,1.0
USPS,80023236601,REF325928,Linda Brown,Susan Rodriguez,"2464 Cedar Ln, New York, IL 40326",2000,USD,TWO THOUSAND,11-22-2025,Agent Smith,1,date_inconsistency,0.9802558211626188
USPS,WU111111111,REF173884,Mary Wilson,Lisa Brown,"3827 Market St, San Diego, NC 31552",50,USD,FIFTY,11-11-2025,Agent Hernandez,1,duplicate_serial,0.96330615389244
Western Union,WU291081502,REF869064,Barbara Jones,Jane Jones,"5822 Second St, Jacksonville, PA 92648",750,USD,FIVE THOUSAND,10-30-2025,Agent Brown,1,amount_mismatch,0.8686529186515234
Western Union,WU609112837,REF134459,Mary Davis,Emily Martin,"480 Elm St, Los Angeles, FL 43367",50,USD,ONE THOUSAND FIVE HUNDRED,10-08-2025,Agent Wilson,1,amount_mismatch,0.8884293617361123
USPS,40652419395,REF649709,Richard Jackson,James Davis,"899 Main St, Los Angeles, CA 15069",50,USD,FIFTY,11-04-2025,Agent Rodriguez,0,none,1.0
Western Union,WU958572825,REF974843,Sarah Jackson,Sarah Smith,"7588 Elm St, Dallas, OH 74819",5000,USD,FIVE THOUSAND,11-12-2025,Agent Jackson,0,none,1.0
Western Union,WU994565514,REF986210,David Garcia,Michael Jackson,"7097 Broadway, Los Angeles, MI 96423",50,USD,FIFTY,09-07-2025,Agent Smith,0,none,1.0
Western Union,WU773835560,REF446514,Linda Garcia,Mary Johnson,"3282 Oak Ave, San Jose, GA 88470",750,USD,SEVEN HUNDRED FIFTY,08-23-2025,Agent Anderson,0,none,1.0
USPS,59805907249,REF478069,Linda Brown,Patricia Garcia,"6445 Cedar Ln, Philadelphia, FL 97118",100,USD,ONE HUNDRED,08-29-2025,Agent Hernandez,0,none,1.0
USPS,FAKE60593,,Barbara Taylor,Sarah Brown,"9709 Broadway, San Antonio, TX 68061",300,USD,THREE HUNDRED,10-19-2025,,1,counterfeit,0.8930696348333946
MoneyGram,MG470160071,REF605282,Charles Jackson,David Johnson,"7363 Broadway, Columbus, NC 72638",150,USD,ONE HUNDRED FIFTY,09-23-2025,Agent Thomas,0,none,1.0
MoneyGram,MG923750866,REF658742,Richard Lopez,Jane Taylor,"9729 Hill Rd, New York, PA 11968",1500,USD,ONE THOUSAND FIVE HUNDRED,12-18-2025,Agent Wilson,1,date_inconsistency,0.914129674340544
Western Union,WU292523557,REF775605,William Lopez,Sarah Gonzalez,"5703 Park Ave, Los Angeles, PA 79416",300,USD,THREE HUNDRED,10-04-2025,Agent Williams,0,none,1.0
Western Union,WU346619959,REF863303,Robert Williams,James Garcia,"6352 Market St, Philadelphia, NY 58565",1000,USD,ONE THOUSAND,10-10-2025,Agent Wilson,0,none,1.0
USPS,12139801664,REF931807,Lisa Brown,Jane Martinez,"9103 Oak Ave, Houston, IL 38220",1000,USD,ONE THOUSAND,09-16-2025,Agent Smith,0,none,1.0
USPS,60024142854,REF292148,Emily Wilson,John Anderson,"9908 Second St, Philadelphia, OH 14713",5000,USD,FIVE THOUSAND,11-15-2025,Agent Gonzalez,0,none,1.0
Western Union,INVALID4997,REF746933,Christopher Moore,Michael Brown,"8577 Broadway, Phoenix, MI 60769",100,USD,ONE HUNDRED,10-29-2025,Agent Miller,1,invalid_serial,0.9487184463131154
USPS,83163562447,REF424433,Emily Anderson,William Martin,"6164 Market St, Austin, NC 21945",50,USD,FIFTY,07-10-2024,Agent Taylor,1,date_inconsistency,0.8566506601062281
MoneyGram,MG434013624,REF901523,Mary Jackson,Jane Thomas,"785 Pine St, Austin, PA 24486",100,USD,ONE HUNDRED,09-17-2025,Agent Thomas,0,none,1.0
USPS,86863844092,REF285944,Michael Moore,Susan Wilson,"5802 Maple Dr, Jacksonville, MI 23745",750,USD,SEVEN HUNDRED FIFTY,11-05-2025,Agent Brown,0,none,1.0
MoneyGram,MG937269362,REF774607,Jennifer Williams,John Smith,"4980 Church St, San Diego, FL 86626",150,USD,ONE HUNDRED FIFTY,08-25-2025,Agent Gonzalez,0,none,1.0
Western Union,WU479984043,REF711440,Robert Brown,William Williams,"3363 Hill Rd, Dallas, GA 61696",750,USD,SEVEN HUNDRED FIFTY,08-24-2025,Agent Taylor,0,none,1.0
Western Union,WU666666666,REF603085,David Lopez,Emily Lopez,"3151 Market St, Houston, NC 21369",2000,USD,TWO THOUSAND,09-10-2025,Agent Brown,1,duplicate_serial,0.8957762158717838
USPS,11149933171,REF800420,Jane Moore,William Johnson,"8693 Market St, San Diego, TX 75352",1000,USD,ONE THOUSAND,11-12-2025,Agent Martinez,0,none,1.0
Western Union,WU111111111,REF148566,Lisa Davis,Barbara Brown,"1854 Second St, San Antonio, MI 99930",5000,USD,FIVE THOUSAND,09-29-2025,Agent Williams,1,duplicate_serial,0.8569366102337748
USPS,75283098831,REF809556,Linda Thomas,James Rodriguez,"351 Spring St, Phoenix, OH 85144",9999,USD,FIVE HUNDRED,10-12-2025,Agent Smith,1,altered_amount,0.9834310371955794
MoneyGram,MG996097488,REF668795,Richard Davis,Mary Gonzalez,"9807 Elm St, Dallas, OH 63606",250,USD,TWO HUNDRED FIFTY,09-28-2025,Agent Davis,0,none,1.0
MoneyGram,MG518695051,REF639812,James Lopez,Lisa Hernandez,,750,USD,SEVEN HUNDRED FIFTY,09-10-2025,,1,missing_fields,0.9956855613375676
Western Union,INVALID5749,REF523123,Michael Williams,Linda Taylor,"311 Main St, San Diego, PA 17311",500,USD,FIVE HUNDRED,10-06-2025,Agent Jones,1,invalid_serial,0.9903620322359624
Western Union,WU480580305,REF813366,,Charles Martinez,,150,USD,ONE HUNDRED FIFTY,10-17-2025,Agent Davis,1,missing_fields,0.8559293252232967
MoneyGram,MG218490390,REF600216,Mary Martinez,Linda Thomas,"5859 First Ave, San Jose, GA 90743",300,USD,THREE HUNDRED,08-31-2025,Agent Williams,0,none,1.0
MoneyGram,MG230433893,REF810798,Robert Anderson,Emily Jones,"4217 Pine St, San Jose, OH 86756",100,USD,ONE THOUSAND,09-30-2025,Agent Miller,1,amount_mismatch,0.9041437054289484
USPS,INVALID6138,REF661568,Thomas Smith,Emily Martin,"850 Pine St, Phoenix, MI 24623",3000,USD,THREE THOUSAND,09-05-2025,Agent Martinez,1,invalid_serial,0.8645805938762859
MoneyGram,MG755240156,REF179713,Mary Taylor,Jane Brown,"8433 Hill Rd, Charlotte, IL 72901",5000,USD,FIVE THOUSAND,11-01-2025,Agent Gonzalez,0,none,1.0
USPS,INVALID8600,REF578017,Richard Anderson,Emily Davis,"9715 Pine St, Austin, FL 32305",3000,USD,THREE THOUSAND,10-05-2025,Agent Anderson,1,invalid_serial,0.9347951069850258
USPS,81028401630,REF376919,Richard Wilson,Thomas Taylor,"1593 Broadway, Columbus, GA 63526",2000,USD,TWO THOUSAND,02-08-2025,,1,stolen_form,0.853141727523653
MoneyGram,INVALID8602,REF882682,Sarah Johnson,Robert Gonzalez,"8752 First Ave, Columbus, GA 89527",500,USD,FIVE HUNDRED,10-20-2025,Agent Moore,1,invalid_serial,0.886569517371502
Western Union,WU988359456,REF435614,Lisa Gonzalez,James Jones,"3053 First Ave, Charlotte, CA 57899",1000,USD,ONE THOUSAND,08-29-2025,Agent Wilson,0,none,1.0
MoneyGram,MG445844596,REF159142,Robert Martin,David Taylor,"2963 Market St, Philadelphia, OH 89689",250,USD,TWO HUNDRED FIFTY,09-07-2024,,1,stolen_form,0.9254830328238984
MoneyGram,FAKE10361,,Patricia Martinez,Thomas Davis,"3156 Market St, New York, OH 23771",1500,USD,ONE THOUSAND FIVE HUNDRED,10-31-2025,,1,counterfeit,0.9100774597007468
MoneyGram,MG913006483,REF694650,Robert Wilson,Linda Jones,"2958 Park Ave, San Diego, OH 54236",500,USD,FIVE HUNDRED,10-16-2025,Agent Martin,0,none,1.0
USPS,47734533400,REF548325,Barbara Hernandez,Susan Anderson,"9876 Elm St, Dallas, FL 33154",500,USD,FIVE HUNDRED,09-20-2025,Agent Miller,0,none,1.0
Western Union,WU976544817,REF723570,,Mary Jones,"5417 Cedar Ln, Austin, NC 40850",1000,USD,ONE THOUSAND,09-17-2025,Agent Gonzalez,1,missing_fields,0.9984327200349457
MoneyGram,MG408612340,REF341119,Michael Taylor,Charles Davis,"1392 Oak Ave, Phoenix, IL 70747",250,USD,TWO HUNDRED FIFTY,11-13-2025,Agent Williams,0,none,1.0
Western Union,WU686651519,REF246036,Jane Lopez,Patricia Hernandez,"3064 First Ave, San Antonio, NY 76055",100,USD,ONE HUNDRED,09-10-2025,Agent Lopez,0,none,1.0
Western Union,WU215219866,REF428355,Linda Lopez,Robert Wilson,"3266 Elm St, Chicago, IL 45389",1000,USD,ONE THOUSAND,03-26-2025,Agent Brown,1,date_inconsistency,0.9893603753179606
MoneyGram,WU444444444,REF306605,Jane Jackson,James Brown,"3918 Pine St, San Jose, NC 27684",150,USD,ONE HUNDRED FIFTY,09-21-2025,Agent Wilson,1,duplicate_serial,0.942512958580861
Western Union,WU259167985,REF932078,Sarah Thomas,Mary Williams,"7087 Elm St, Columbus, CA 97378",1500,USD,ONE THOUSAND FIVE HUNDRED,11-14-2025,Agent Davis,0,none,1.0
MoneyGram,MG667211125,REF354335,Charles Taylor,David Brown,"2148 Market St, Columbus, FL 53483",3000,USD,THREE THOUSAND,10-02-2024,,1,stolen_form,0.9662530157641124
USPS,53774933201,REF980011,Patricia Davis,Christopher Gonzalez,"1673 Broadway, New York, FL 35324",3000,USD,THREE THOUSAND,10-18-2025,Agent Taylor,0,none,1.0
Western Union,WU835514663,REF369416,Jane Johnson,Sarah Garcia,"2700 First Ave, San Jose, MI 55437",2000,USD,TWO THOUSAND,11-01-2025,Agent Johnson,0,none,1.0
Western Union,INVALID6348,REF927558,Charles Williams,Jane Brown,"1281 Washington Blvd, Fort Worth, GA 97489",100,USD,ONE HUNDRED,10-18-2025,Agent Johnson,1,invalid_serial,0.9041587753638568
Western Union,WU560199545,REF578659,Emily Miller,Linda Taylor,"1664 Oak Ave, Phoenix, PA 27154",1500,USD,ONE THOUSAND FIVE HUNDRED,11-01-2025,Agent Hernandez,0,none,1.0
USPS,94698929506,REF613889,Michael Brown,Lisa Wilson,"8116 Main St, Houston, OH 71119",500,USD,FIVE HUNDRED,10-08-2024,Agent Moore,1,date_inconsistency,0.9196027073168078
MoneyGram,FAKE83300,,Sarah Gonzalez,Emily Smith,"6760 Main St, Fort Worth, CA 48972",750,USD,SEVEN HUNDRED FIFTY,10-25-2025,,1,counterfeit,0.8659514615212094
Western Union,WU333402668,REF517872,Robert Williams,David Jones,"582 Pine St, New York, PA 76004",250,USD,TWO HUNDRED FIFTY,10-05-2025,Agent Martin,0,none,1.0
Western Union,WU897276829,REF933448,Thomas Brown,Richard Jackson,"8788 First Ave, Los Angeles, TX 70536",50,USD,FIFTY,09-25-2025,Agent Hernandez,0,none,1.0
USPS,69800269135,REF324483,James Davis,Susan Garcia,"2449 Cedar Ln, San Antonio, OH 39788",5000,USD,FIVE THOUSAND,11-09-2025,Agent Garcia,0,none,1.0
MoneyGram,MG512653959,REF730613,Michael Lopez,Emily Smith,"6286 Main St, San Jose, CA 64322",1500,USD,ONE THOUSAND FIVE HUNDRED,10-11-2025,Agent Martinez,0,none,1.0
USPS,96782871562,REF681852,Jane Martinez,Thomas Miller,"8611 Oak Ave, San Jose, MI 23371",2000,USD,TWO THOUSAND,11-12-2025,Agent Lopez,0,none,1.0
USPS,25677648611,REF180186,Robert Taylor,James Williams,"2213 Spring St, Philadelphia, MI 75757",50,USD,FIFTY,09-14-2025,Agent Lopez,0,none,1.0
USPS,76864556948,REF461750,Robert Williams,Emily Wilson,"3864 Main St, Jacksonville, PA 52473",9999,USD,THREE THOUSAND,11-17-2025,Agent Thomas,1,altered_amount,0.9271224180255806
MoneyGram,MG321508064,REF458468,Robert Davis,Jennifer Martin,"993 Park Ave, Houston, NC 35605",750,USD,SEVEN HUNDRED FIFTY,10-19-2025,Agent Smith,0,none,1.0
Western Union,WU911043396,REF424982,Charles Wilson,John Johnson,"774 Elm St, New York, CA 70675",300,USD,THREE HUNDRED,02-16-2025,,1,stolen_form,0.9353071618751396
Western Union,WU957609308,REF163277,,Richard Thomas,"9847 Broadway, San Diego, CA 20350",50,USD,FIFTY,10-03-2025,Agent Miller,1,missing_fields,0.914438152404409
Western Union,WU374738576,REF382329,Jane Hernandez,Richard Moore,"7446 First Ave, Fort Worth, CA 73688",750,USD,SEVEN HUNDRED FIFTY,08-20-2025,Agent Gonzalez,0,none,1.0
MoneyGram,MG389174762,REF637718,Mary Martinez,Emily Smith,"4447 Maple Dr, Los Angeles, OH 51905",200,USD,TWO HUNDRED,10-28-2025,Agent Garcia,0,none,1.0
USPS,14500762499,REF971439,Charles Garcia,,"4275 Pine St, Los Angeles, MI 58691",2000,USD,TWO THOUSAND,11-09-2025,Agent Davis,1,missing_fields,0.8849847727497271
MoneyGram,MG912480439,REF111759,Mary Davis,Lisa Rodriguez,"8742 Washington Blvd, Dallas, MI 12988",150,USD,ONE HUNDRED FIFTY,09-01-2025,Agent Williams,0,none,1.0
MoneyGram,MG716789539,REF563813,Jane Moore,Sarah Anderson,"5011 Pine St, Houston, TX 76525",3000,USD,THREE THOUSAND,11-05-2025,Agent Davis,0,none,1.0
MoneyGram,MG344760609,REF804675,John Moore,Thomas Gonzalez,"7525 Washington Blvd, Jacksonville, MI 93078",500,USD,FIVE HUNDRED,10-01-2025,Agent Martinez,0,none,1.0
Western Union,FAKE86913,,Michael Lopez,Lisa Gonzalez,"3314 Park Ave, San Jose, NC 76769",250,USD,TWO HUNDRED FIFTY,10-29-2025,,1,counterfeit,0.9319001908966688
USPS,72770270397,REF818869,William Brown,Michael Thomas,"3523 Park Ave, Chicago, TX 42430",3000,USD,THREE THOUSAND,04-05-2025,,1,stolen_form,0.9851152949735512
MoneyGram,MG924363806,REF901332,Lisa Gonzalez,Michael Wilson,"4476 Maple Dr, San Diego, PA 12179",1000,USD,ONE THOUSAND,10-07-2025,Agent Taylor,0,none,1.0
Western Union,FAKE44715,,Sarah Miller,John Moore,"9006 Church St, Phoenix, NY 57548",750,USD,SEVEN HUNDRED FIFTY,09-27-2025,,1,counterfeit,0.8917978812881396
MoneyGram,MG254387699,REF693312,Barbara Davis,Sarah Johnson,"6731 Hill Rd, San Jose, NC 19891",150,USD,ONE THOUSAND,09-14-2025,Agent Jackson,1,amount_mismatch,0.9628757974950412
USPS,76374146951,REF340748,Sarah Martin,Michael Martinez,"2418 Spring St, New York, GA 12561",1500,USD,ONE THOUSAND FIVE HUNDRED,08-22-2025,Agent Jackson,0,none,1.0
Western Union,WU905690533,REF622183,Richard Thomas,David Lopez,"8921 Pine St, San Antonio, CA 22677",250,USD,TWO HUNDRED FIFTY,11-11-2025,Agent Williams,0,none,1.0
MoneyGram,MG333635708,REF285605,David Miller,James Martinez,"6706 Maple Dr, San Antonio, PA 37011",150,USD,ONE HUNDRED FIFTY,10-02-2025,Agent Martin,0,none,1.0
Western Union,WU427805622,REF700426,James Martinez,William Brown,"5135 Main St, Fort Worth, PA 29436",2000,USD,TWO THOUSAND,08-21-2025,Agent Johnson,0,none,1.0
MoneyGram,INVALID6997,REF836028,Michael Williams,Patricia Anderson,"4639 Main St, Fort Worth, TX 76295",300,USD,THREE HUNDRED,10-14-2025,Agent Taylor,1,invalid_serial,0.9806364240262354
USPS,93480567622,REF794016,William Martin,John Davis,"9805 Oak Ave, Jacksonville, CA 21360",200,USD,THREE THOUSAND,08-23-2025,Agent Jackson,1,amount_mismatch,0.9462521494977734
USPS,15501361147,REF433521,Susan Gonzalez,Jennifer Lopez,"5311 Second St, Philadelphia, FL 53467",500,USD,FIVE HUNDRED,10-15-2025,Agent Taylor,0,none,1.0
USPS,98365249128,REF287074,William Taylor,John Davis,"6927 Hill Rd, Phoenix, CA 14789",250,USD,TWO HUNDRED FIFTY,09-09-2025,Agent Williams,0,none,1.0
MoneyGram,MG551831250,REF769281,Mary Garcia,Jane Miller,"7733 Spring St, Fort Worth, NC 80334",3000,USD,THREE THOUSAND,09-03-2024,Agent Gonzalez,1,date_inconsistency,0.86607797323198
Western Union,WU296391573,REF319445,Michael Thomas,William Taylor,"5783 Cedar Ln, Chicago, FL 19187",250,USD,TWO HUNDRED FIFTY,10-08-2025,Agent Miller,0,none,1.0
USPS,80572922940,REF599953,Robert Martinez,Sarah Brown,"9041 Second St, Los Angeles, IL 17504",1500,USD,ONE THOUSAND FIVE HUNDRED,11-03-2025,Agent Rodriguez,0,none,1.0
USPS,57016298927,REF940753,Barbara Williams,Robert Martin,"4333 First Ave, Columbus, TX 62147",750,USD,SEVEN HUNDRED FIFTY,10-19-2025,Agent Wilson,0,none,1.0
USPS,75808259241,REF515699,Barbara Smith,Michael Jones,"3241 Spring St, Chicago, TX 90707",100,USD,ONE HUNDRED,09-12-2025,Agent Smith,0,none,1.0
Western Union,WU418903631,REF440910,Thomas Moore,James Martin,"7723 Cedar Ln, San Jose, NC 48915",250,USD,TWO HUNDRED FIFTY,09-15-2025,Agent Jones,0,none,1.0
Western Union,WU942276859,REF612442,Sarah Wilson,John Jones,"6335 First Ave, Dallas, TX 92252",2000,USD,TWO THOUSAND,11-15-2025,Agent Taylor,0,none,1.0
USPS,27747391211,REF206706,Charles Taylor,Charles Brown,"9776 Market St, Charlotte, GA 68663",4999,USD,FIVE THOUSAND,09-03-2025,Agent Johnson,1,altered_amount,0.9030190731540244
MoneyGram,FAKE94667,,Charles Lopez,Richard Wilson,"3238 Maple Dr, Dallas, MI 25328",5000,USD,FIVE THOUSAND,11-13-2025,,1,counterfeit,0.8733394705315848
Western Union,WU248756615,REF408906,Mary Moore,Michael Garcia,"1947 Church St, Philadelphia, GA 83746",500,USD,FIVE HUNDRED,11-21-2024,Agent Lopez,1,date_inconsistency,0.9729064792208416
MoneyGram,MG997132410,REF421731,Jane Taylor,Thomas Martinez,"4972 Maple Dr, Philadelphia, NC 94925",1499,USD,THREE THOUSAND,11-05-2025,Agent Johnson,1,altered_amount,0.9573075372398716
MoneyGram,MG736770186,REF972484,Patricia Wilson,Emily Jones,"2610 Spring St, Austin, FL 84520",1500,USD,ONE THOUSAND FIVE HUNDRED,09-02-2025,Agent Williams,0,none,1.0
USPS,96419898155,REF455401,Richard Jones,Barbara Jones,"149 Pine St, San Antonio, MI 48529",250,USD,TWO HUNDRED FIFTY,09-15-2024,,1,stolen_form,0.931665974247562
USPS,30090875809,REF508677,Jennifer Williams,Mary Thomas,"2212 Hill Rd, Jacksonville, NC 28059",200,USD,TWO HUNDRED,04-12-2025,,1,stolen_form,0.9262303896475448
Western Union,WU241786596,REF172267,Lisa Taylor,Michael Martin,"6731 Elm St, Charlotte, TX 77567",100,USD,ONE HUNDRED,12-24-2024,,1,stolen_form,0.8595393127440828
MoneyGram,MG743559829,REF297500,Patricia Williams,Charles Martinez,"2564 Church St, New York, IL 77410",100,USD,ONE HUNDRED,11-06-2025,Agent Anderson,0,none,1.0
Western Union,INVALID8500,REF921224,Barbara Moore,Richard Wilson,"2065 First Ave, Chicago, OH 38729",100,USD,ONE HUNDRED,08-23-2025,Agent Jackson,1,invalid_serial,0.9725224290181184
Western Union,FAKE94200,,Michael Johnson,Lisa Garcia,"6976 Oak Ave, Phoenix, CA 76355",100,USD,ONE HUNDRED,11-08-2025,,1,counterfeit,0.9358724879991211
Western Union,WU921813887,REF330931,James Martinez,Jennifer Miller,"2333 Second St, San Diego, GA 34511",2000,USD,TWO THOUSAND,10-24-2025,Agent Gonzalez,0,none,1.0
MoneyGram,MG426696771,REF377976,Jane Moore,John Moore,"3916 Pine St, Houston, PA 96168",500,USD,FIVE THOUSAND,09-14-2025,Agent Jones,1,amount_mismatch,0.943506630446212
MoneyGram,MG130075446,REF637765,Barbara Davis,Linda Lopez,"9424 Market St, Dallas, FL 85800",500,USD,FIVE HUNDRED,11-08-2025,Agent Martin,0,none,1.0
MoneyGram,MG935468611,REF311927,Jane Davis,Jane Martin,"5408 Oak Ave, Houston, FL 26392",150,USD,ONE HUNDRED FIFTY,08-12-2024,,1,stolen_form,0.903282633900796
Western Union,WU665837531,REF181095,William Jackson,Mary Moore,"1598 Pine St, San Diego, NC 64520",200,USD,TWO HUNDRED,09-18-2025,Agent Rodriguez,0,none,1.0
USPS,WU555555555,REF770892,Lisa Williams,Sarah Hernandez,"126 Market St, Charlotte, FL 50835",500,USD,FIVE HUNDRED,10-25-2025,Agent Johnson,1,duplicate_serial,0.8984220423773603
Western Union,WU693867973,REF150071,Michael Williams,William Hernandez,"8686 Oak Ave, San Antonio, GA 80912",250,USD,THREE HUNDRED,09-25-2025,Agent Martinez,1,amount_mismatch,0.9243166003621988
MoneyGram,MG586451806,REF425183,Barbara Hernandez,Mary Johnson,"5030 Washington Blvd, Chicago, NC 64276",5000,USD,FIVE THOUSAND,09-30-2025,Agent Miller,0,none,1.0
Western Union,WU167650763,REF261101,Lisa Taylor,David Rodriguez,"5776 First Ave, Philadelphia, OH 15767",3000,USD,THREE THOUSAND,09-13-2025,Agent Moore,0,none,1.0
MoneyGram,MG484741588,REF771527,,Michael Brown,,100,USD,ONE HUNDRED,11-04-2025,,1,missing_fields,0.9264959699036098
MoneyGram,MG527567085,REF666571,Thomas Miller,Thomas Taylor,"8469 Church St, New York, TX 54118",1499,USD,ONE THOUSAND FIVE HUNDRED,11-15-2025,Agent Thomas,1,altered_amount,0.9794960208936664
Western Union,WU834590651,REF308969,Jennifer Jackson,Emily Smith,"3936 Market St, Houston, NC 94266",150,USD,ONE HUNDRED FIFTY,10-18-2025,Agent Jackson,0,none,1.0
USPS,60682335474,REF904794,Lisa Taylor,Barbara Brown,"8215 Park Ave, San Jose, FL 12221",3000,USD,THREE THOUSAND,09-24-2025,Agent Gonzalez,0,none,1.0
MoneyGram,MG369082450,REF545008,John Garcia,Emily Rodriguez,"2805 Elm St, Philadelphia, PA 49082",2000,USD,TWO THOUSAND,08-25-2025,Agent Thomas,0,none,1.0
MoneyGram,MG123658332,REF486711,Robert Moore,Linda Smith,"5458 Second St, Chicago, TX 99486",50,USD,FIFTY,05-01-2025,Agent Rodriguez,1,date_inconsistency,0.8517406679588286
MoneyGram,MG384430712,REF545862,John Gonzalez,Christopher Wilson,"7594 Washington Blvd, Fort Worth, NY 89495",300,USD,THREE HUNDRED,09-14-2025,Agent Garcia,0,none,1.0
USPS,10383299857,REF234747,Lisa Jones,Lisa Smith,"137 Oak Ave, New York, NY 18982",1499,USD,ONE THOUSAND,11-10-2025,Agent Jones,1,altered_amount,0.9070575486787558
USPS,15892889683,REF149411,Jane Martin,John Jackson,"4490 Elm St, Charlotte, MI 61374",1000,USD,ONE THOUSAND,09-16-2025,Agent Smith,0,none,1.0
MoneyGram,MG928676918,REF347832,Sarah Jones,Lisa Garcia,"5310 Cedar Ln, Philadelphia, PA 88508",50,USD,FIFTY,11-08-2025,Agent Smith,0,none,1.0
Western Union,WU543447241,REF943952,James Taylor,Richard Martin,"1086 Oak Ave, San Antonio, GA 94083",750,USD,SEVEN HUNDRED FIFTY,10-31-2025,Agent Jones,0,none,1.0
USPS,INVALID6571,REF187854,Linda Rodriguez,David Martinez,"1523 Hill Rd, Jacksonville, NY 31911",750,USD,SEVEN HUNDRED FIFTY,10-19-2025,Agent Hernandez,1,invalid_serial,0.9131353031148348
Western Union,WU848547797,REF906538,Mary Jackson,Barbara Hernandez,"6202 Main St, Austin, TX 55670",500,USD,FIVE HUNDRED,10-15-2025,Agent Martin,0,none,1.0
USPS,FAKE32044,,Jane Anderson,David Miller,"1273 Park Ave, Los Angeles, GA 77849",250,USD,TWO HUNDRED FIFTY,11-12-2025,,1,counterfeit,0.9054294905256436
MoneyGram,MG448958947,REF616036,John Thomas,Susan Lopez,"6257 Oak Ave, San Diego, OH 18993",5000,USD,FIVE THOUSAND,12-14-2025,Agent Anderson,1,date_inconsistency,0.953717132945387
MoneyGram,WU222222222,REF445325,Thomas Hernandez,Christopher Hernandez,"2367 Oak Ave, Houston, NY 57899",200,USD,TWO HUNDRED,09-10-2025,Agent Moore,1,duplicate_serial,0.8652925771665682
Western Union,WU947613489,REF747160,Michael Martin,James Thomas,"9012 Cedar Ln, Houston, GA 21530",2000,USD,TWO THOUSAND,03-26-2025,Agent Wilson,1,date_inconsistency,0.918898086905662
USPS,88560668385,REF922295,Patricia Hernandez,Linda Miller,"7273 Main St, San Antonio, TX 34937",150,USD,ONE HUNDRED FIFTY,08-21-2025,Agent Thomas,0,none,1.0
USPS,75174294438,REF275065,Charles Gonzalez,David Williams,"8470 Oak Ave, Los Angeles, NC 31568",999,USD,SEVEN HUNDRED FIFTY,10-28-2025,Agent Rodriguez,1,altered_amount,0.968109046855848
MoneyGram,MG641340787,REF608497,,James Brown,"5689 Oak Ave, Columbus, FL 97040",2000,USD,TWO THOUSAND,11-17-2025,Agent Wilson,1,missing_fields,0.908676158718454
Western Union,WU768023577,REF836611,Linda Jones,Charles Hernandez,"4300 Hill Rd, Dallas, PA 10966",50,USD,FIFTY,09-04-2025,Agent Garcia,0,none,1.0
USPS,66220882552,REF134192,Charles Smith,Jennifer Martinez,"1834 Broadway, Houston, FL 94891",2000,USD,TWO THOUSAND,09-28-2025,Agent Gonzalez,0,none,1.0
Western Union,WU400690152,REF805654,Jennifer Garcia,Thomas Davis,"3609 Park Ave, Charlotte, MI 97826",500,USD,FIVE HUNDRED,08-25-2025,Agent Gonzalez,0,none,1.0
USPS,72933183348,REF807068,Richard Moore,William Moore,"6946 Broadway, San Diego, PA 95529",3000,USD,THREE THOUSAND,09-17-2025,Agent Lopez,0,none,1.0
USPS,41717532608,REF138850,Michael Gonzalez,Jane Miller,"9551 Second St, Houston, CA 35956",2999,USD,TWO HUNDRED FIFTY,10-13-2025,Agent Rodriguez,1,altered_amount,0.8706325472781771
Western Union,WU261728425,REF774300,Charles Miller,Michael Gonzalez,"145 Cedar Ln, Houston, TX 93790",999,USD,FIVE THOUSAND,10-12-2025,Agent Hernandez,1,altered_amount,0.9245965613675248
USPS,86839277776,REF378819,Robert Wilson,Sarah Williams,"4068 Cedar Ln, San Antonio, IL 80149",500,USD,FIVE HUNDRED,09-26-2025,Agent Brown,0,none,1.0
MoneyGram,MG433055261,REF820766,Charles Lopez,Barbara Anderson,"7254 Market St, New York, OH 85416",1000,USD,ONE THOUSAND,07-17-2024,,1,stolen_form,0.8886236014139814
USPS,81829382854,REF353150,John Rodriguez,Jane Wilson,"8432 Elm St, Chicago, OH 17278",500,USD,FIVE HUNDRED,10-17-2025,Agent Martinez,0,none,1.0
MoneyGram,MG651585282,REF768626,Emily Jones,Christopher Rodriguez,"366 Washington Blvd, Los Angeles, NC 51465",300,USD,THREE HUNDRED,11-13-2025,Agent Gonzalez,0,none,1.0
Western Union,WU401787994,REF149676,Michael Johnson,John Thomas,"4167 Church St, Jacksonville, NC 46623",1500,USD,ONE THOUSAND FIVE HUNDRED,10-21-2025,Agent Anderson,0,none,1.0
MoneyGram,MG489406722,REF630519,Jennifer Johnson,Emily Jackson,"3662 Maple Dr, Los Angeles, MI 83899",500,USD,FIVE HUNDRED,08-24-2025,Agent Martinez,0,none,1.0
MoneyGram,MG688679195,REF538272,William Garcia,David Brown,"3922 Church St, Philadelphia, PA 77427",750,USD,SEVEN HUNDRED FIFTY,11-04-2025,Agent Miller,0,none,1.0
USPS,49653127065,REF408555,Jennifer Davis,David Johnson,"9499 Cedar Ln, Philadelphia, NY 82837",300,USD,THREE HUNDRED,09-25-2025,Agent Wilson,0,none,1.0
MoneyGram,MG635096050,REF983700,Patricia Brown,David Williams,"1204 Second St, Austin, FL 45677",500,USD,FIVE HUNDRED,08-21-2025,Agent Lopez,0,none,1.0
Western Union,WU555555555,REF741993,Thomas Smith,William Smith,"3659 Elm St, Fort Worth, TX 45395",200,USD,TWO HUNDRED,09-11-2025,Agent Williams,1,duplicate_serial,0.8596859197112542
USPS,22434936718,REF983071,Thomas Martin,William Jones,"3743 Cedar Ln, San Diego, OH 24058",150,USD,ONE HUNDRED FIFTY,08-28-2025,Agent Gonzalez,0,none,1.0
MoneyGram,MG648589531,REF277990,,,"7560 Market St, San Jose, MI 11185",2000,USD,TWO THOUSAND,08-29-2025,,1,missing_fields,0.9151829103933136
Western Union,WU940730983,REF271217,Susan Johnson,Linda Garcia,"3165 Broadway, Austin, NY 68345",250,USD,TWO HUNDRED FIFTY,09-29-2024,,1,stolen_form,0.8573456204885282
USPS,FAKE32452,,Charles Garcia,Susan Thomas,"5586 Hill Rd, Charlotte, CA 67574",3000,USD,THREE THOUSAND,10-05-2025,,1,counterfeit,0.872752620491638
Western Union,FAKE56918,,Susan Miller,Jane Gonzalez,"1185 Pine St, Fort Worth, NC 89640",200,USD,TWO HUNDRED,08-27-2025,,1,counterfeit,0.9540400060707288
USPS,26905811652,REF150128,John Williams,John Hernandez,"3990 Maple Dr, Philadelphia, IL 64849",2000,USD,TWO THOUSAND,11-13-2025,Agent Lopez,0,none,1.0
MoneyGram,MG706302441,REF126045,Richard Smith,Susan Martinez,"6037 Spring St, Jacksonville, IL 31354",750,USD,SEVEN HUNDRED FIFTY,10-07-2025,Agent Martinez,0,none,1.0
MoneyGram,INVALID6285,REF588015,Sarah Wilson,Sarah Taylor,"475 Market St, Austin, OH 66405",1000,USD,ONE THOUSAND,08-20-2025,Agent Taylor,1,invalid_serial,0.8674572828017436
MoneyGram,FAKE17496,,Michael Johnson,Jane Brown,"692 First Ave, San Jose, MI 13096",50,USD,FIFTY,11-10-2025,,1,counterfeit,0.9209097313463592
USPS,60966353296,REF732567,Sarah Gonzalez,Thomas Taylor,"7958 Hill Rd, San Jose, IL 55314",3000,USD,THREE THOUSAND,11-08-2025,Agent Thomas,0,none,1.0
USPS,37209781868,REF458016,Charles Jones,Michael Williams,"9817 Spring St, Chicago, GA 74353",250,USD,TWO HUNDRED FIFTY,10-06-2025,Agent Martinez,0,none,1.0
Western Union,WU358005411,REF499998,Barbara Martinez,Jennifer Jones,"8490 Cedar Ln, San Antonio, NY 68008",1500,USD,ONE THOUSAND FIVE HUNDRED,11-17-2025,Agent Smith,0,none,1.0
USPS,23564698011,REF633394,Susan Jones,Lisa Taylor,"8121 Park Ave, San Diego, MI 44259",1500,USD,ONE THOUSAND FIVE HUNDRED,10-02-2025,Agent Lopez,0,none,1.0
MoneyGram,MG818838369,REF907367,Robert Jackson,David Jones,"3337 Market St, Jacksonville, GA 37372",300,USD,THREE HUNDRED,10-17-2025,Agent Wilson,0,none,1.0
USPS,81741531937,REF396637,Mary Hernandez,John Martinez,"3411 Hill Rd, Phoenix, IL 78245",1000,USD,FIFTY,09-23-2025,Agent Brown,1,amount_mismatch,0.9529870466094924
Western Union,WU496659236,REF143700,Barbara Brown,Mary Anderson,"363 Church St, Austin, MI 47199",300,USD,THREE HUNDRED,08-26-2025,Agent Garcia,0,none,1.0
Western Union,WU652483077,REF411322,Richard Taylor,Emily Miller,"393 Main St, Chicago, GA 54438",1000,USD,ONE THOUSAND,01-17-2025,,1,stolen_form,0.9007572713045922
USPS,INVALID6288,REF903378,Sarah Wilson,Christopher Davis,"5030 First Ave, Fort Worth, MI 39084",1000,USD,ONE THOUSAND,11-01-2025,Agent Brown,1,invalid_serial,0.8936505417980507
USPS,16953990385,REF728899,Jane Taylor,Thomas Martin,"3157 Maple Dr, Austin, OH 87374",500,USD,FIVE HUNDRED,09-20-2025,Agent Thomas,0,none,1.0
MoneyGram,MG523214102,REF959033,Charles Thomas,Michael Lopez,"1665 Cedar Ln, Charlotte, IL 22404",250,USD,TWO HUNDRED FIFTY,10-02-2025,Agent Rodriguez,0,none,1.0
MoneyGram,MG111065191,REF358295,Patricia Smith,Christopher Williams,"1401 Broadway, Phoenix, FL 19597",750,USD,SEVEN HUNDRED FIFTY,09-26-2025,Agent Johnson,0,none,1.0
Western Union,WU650024441,REF616454,Lisa Miller,Christopher Miller,"3253 Washington Blvd, Phoenix, FL 11765",100,USD,ONE HUNDRED,09-14-2025,,1,missing_fields,0.9212669035414822
Western Union,WU148037761,REF176772,,Mary Wilson,,250,USD,TWO HUNDRED FIFTY,09-01-2025,,1,missing_fields,0.8949775191800173
USPS,98359982409,REF494920,Christopher Garcia,Michael Martin,"5617 Maple Dr, Phoenix, IL 99278",200,USD,TWO HUNDRED,09-22-2025,Agent Jones,0,none,1.0
USPS,56288847020,REF358872,Robert Lopez,Jane Taylor,"4227 Second St, San Diego, MI 62140",300,USD,THREE HUNDRED,11-01-2025,Agent Jones,0,none,1.0
Western Union,WU565434543,REF414754,Thomas Johnson,John Wilson,"6911 Elm St, Chicago, FL 33188",50,USD,FIFTY,03-09-2025,,1,stolen_form,0.9461257707948416
USPS,70660741657,REF423656,Linda Smith,Thomas Thomas,"287 Broadway, San Jose, CA 70795",1500,USD,THREE THOUSAND,10-30-2025,Agent Martinez,1,amount_mismatch,0.8689784888452899
MoneyGram,MG781654465,REF777700,Charles Wilson,James Brown,"3443 Market St, Houston, PA 56492",1000,USD,ONE THOUSAND,11-02-2025,Agent Anderson,0,none,1.0
Western Union,WU708514738,REF838408,,,"2362 Spring St, New York, TX 59178",200,USD,TWO HUNDRED,08-27-2025,,1,missing_fields,0.9957277591534393
USPS,82960723801,REF656926,Thomas Taylor,Jane Thomas,"5071 Spring St, Charlotte, CA 87830",750,USD,SEVEN HUNDRED FIFTY,09-06-2025,Agent Taylor,0,none,1.0
Western Union,WU946958197,REF688007,Jennifer Martin,Jennifer Williams,"2279 Hill Rd, Fort Worth, FL 58917",150,USD,ONE HUNDRED FIFTY,08-26-2025,Agent Gonzalez,0,none,1.0
USPS,WU222222222,REF290490,Sarah Smith,Richard Johnson,"9780 Main St, Chicago, MI 73910",250,USD,TWO HUNDRED FIFTY,10-01-2025,Agent Johnson,1,duplicate_serial,0.9623172894178345
Western Union,WU808300368,REF650526,Mary Johnson,Linda Garcia,"2959 Maple Dr, Jacksonville, PA 90718",4999,USD,SEVEN HUNDRED FIFTY,10-20-2025,Agent Smith,1,altered_amount,0.9393300458680112
USPS,FAKE29798,,David Jackson,Mary Davis,"654 Hill Rd, San Antonio, GA 11778",1000,USD,ONE THOUSAND,11-06-2025,,1,counterfeit,0.8968213562473533
USPS,20399858575,REF249938,Michael Moore,Michael Lopez,"6904 Elm St, New York, NC 67249",150,USD,ONE HUNDRED FIFTY,08-26-2025,Agent Hernandez,0,none,1.0
USPS,66161061963,REF493308,,,,50,USD,FIFTY,09-26-2025,Agent Anderson,1,missing_fields,0.9111473794266716
USPS,19868202893,REF725581,Robert Hernandez,Jennifer Wilson,"7058 Market St, Columbus, OH 33762",500,USD,FIVE HUNDRED,11-10-2025,Agent Hernandez,0,none,1.0
USPS,94344187865,REF671408,John Rodriguez,Michael Taylor,"7253 Oak Ave, New York, PA 35855",3000,USD,THREE THOUSAND,10-25-2025,,1,missing_fields,0.9887406546964648
USPS,95972523215,REF403163,Christopher Gonzalez,Patricia Martinez,"5284 First Ave, Philadelphia, FL 28349",1500,USD,ONE THOUSAND FIVE HUNDRED,09-21-2025,Agent Garcia,0,none,1.0
Western Union,WU719633977,REF475170,,Mary Wilson,,1500,USD,ONE THOUSAND FIVE HUNDRED,09-05-2025,Agent Anderson,1,missing_fields,0.9925847705160156
Western Union,WU602874583,REF443161,Linda Johnson,Richard Johnson,"6721 Washington Blvd, San Jose, PA 64406",250,USD,TWO HUNDRED FIFTY,02-05-2025,Agent Johnson,1,date_inconsistency,0.91709764444442
USPS,16208805054,REF531714,Sarah Anderson,Thomas Jones,"5857 Maple Dr, Austin, NC 97208",3000,USD,THREE THOUSAND,11-21-2025,Agent Jones,1,date_inconsistency,0.9517816378596416
MoneyGram,MG389279729,REF112725,Sarah Anderson,Michael Miller,"2536 Market St, Austin, TX 51155",750,USD,SEVEN HUNDRED FIFTY,10-07-2025,Agent Garcia,0,none,1.0
MoneyGram,MG304006677,REF930108,James Taylor,William Brown,"1137 Cedar Ln, Philadelphia, FL 46180",2000,USD,TWO THOUSAND,02-16-2025,,1,stolen_form,0.970162761038874
USPS,WU333333333,REF537640,William Jones,Michael Martinez,"806 Cedar Ln, Philadelphia, GA 37963",200,USD,TWO HUNDRED,09-01-2025,Agent Martinez,1,duplicate_serial,0.8761314218089069
Western Union,WU136006482,REF897784,Christopher Jackson,Robert Jones,"103 Church St, Dallas, NY 42233",250,USD,TWO HUNDRED FIFTY,08-23-2025,Agent Miller,0,none,1.0
Western Union,WU878658134,REF622590,James Smith,Richard Lopez,"7655 Cedar Ln, Philadelphia, FL 76215",300,USD,ONE HUNDRED FIFTY,09-27-2025,Agent Miller,1,amount_mismatch,0.9698501139159318
Western Union,WU237799333,REF838525,Christopher Hernandez,Richard Taylor,"2307 Broadway, Los Angeles, NC 10503",500,USD,FIVE HUNDRED,07-27-2024,,1,stolen_form,0.99673958632248
USPS,56384034659,REF168397,William Johnson,Emily Davis,"2865 Second St, Chicago, CA 70817",300,USD,THREE HUNDRED,09-13-2025,Agent Martinez,0,none,1.0
MoneyGram,MG209964599,REF979856,Sarah Smith,John Smith,"3865 Church St, New York, OH 24114",1000,USD,ONE THOUSAND,10-02-2025,Agent Davis,0,none,1.0
Western Union,WU513544472,REF393803,Sarah Miller,Sarah Martin,"7540 Park Ave, Philadelphia, TX 54810",200,USD,TWO HUNDRED,10-03-2025,Agent Brown,0,none,1.0
MoneyGram,MG314036530,REF543458,Thomas Johnson,Robert Garcia,"8479 Washington Blvd, San Antonio, PA 80127",50,USD,FIFTY,09-11-2025,Agent Lopez,0,none,1.0
MoneyGram,FAKE20293,,Michael Taylor,Emily Martin,"4814 Pine St, San Antonio, TX 48948",750,USD,SEVEN HUNDRED FIFTY,09-15-2025,,1,counterfeit,0.9110519015720664
Western Union,WU996710922,REF906422,Richard Jackson,Jane Hernandez,"2891 Elm St, Philadelphia, GA 55812",9999,USD,TWO THOUSAND,09-24-2025,Agent Anderson,1,altered_amount,0.8876498533047499
Western Union,WU361316462,REF527760,David Davis,Susan Taylor,"7724 Pine St, Houston, IL 59604",1499,USD,FIVE THOUSAND,10-25-2025,Agent Martinez,1,altered_amount,0.8598882053649572
Western Union,WU948722157,REF641910,Susan Hernandez,Mary Martin,"1287 First Ave, Charlotte, CA 13767",200,USD,TWO HUNDRED,09-16-2025,Agent Davis,0,none,1.0
Western Union,WU425354563,REF493168,Linda Jackson,Jane Rodriguez,"4662 Second St, Charlotte, IL 43258",1000,USD,ONE THOUSAND,09-09-2025,Agent Lopez,0,none,1.0
Western Union,WU694716354,REF517868,Charles Garcia,Christopher Davis,"8637 Elm St, San Jose, TX 10255",100,USD,ONE HUNDRED,11-08-2025,Agent Gonzalez,0,none,1.0
Western Union,WU225000235,REF196058,Sarah Johnson,Emily Gonzalez,"6409 First Ave, Los Angeles, IL 58236",300,USD,ONE THOUSAND FIVE HUNDRED,11-11-2025,Agent Jones,1,amount_mismatch,0.9099518743842084
USPS,93951803053,REF145522,Richard Moore,Linda Hernandez,"2994 Pine St, Dallas, TX 12422",100,USD,FIVE HUNDRED,08-22-2025,Agent Taylor,1,amount_mismatch,0.9858865409696048
MoneyGram,MG568507714,REF992259,Michael Garcia,Christopher Williams,"1550 Cedar Ln, Jacksonville, GA 18361",300,USD,THREE HUNDRED,10-22-2025,Agent Wilson,0,none,1.0
MoneyGram,MG823398951,REF878748,Robert Rodriguez,Jennifer Hernandez,"5252 Park Ave, Los Angeles, NC 61383",300,USD,THREE HUNDRED,10-20-2025,Agent Thomas,0,none,1.0
Western Union,WU576869106,REF993001,Lisa Williams,William Martin,"593 First Ave, Columbus, CA 51379",150,USD,ONE HUNDRED FIFTY,09-11-2025,Agent Hernandez,0,none,1.0
MoneyGram,MG581983975,REF196368,William Miller,Jennifer Jones,"175 Elm St, Chicago, TX 84580",250,USD,TWO HUNDRED FIFTY,10-22-2025,Agent Martin,0,none,1.0
USPS,92359486893,REF845810,Jennifer Gonzalez,Christopher Wilson,"587 Main St, San Jose, NY 47611",1500,USD,ONE THOUSAND FIVE HUNDRED,10-10-2025,Agent Martinez,0,none,1.0
USPS,73336658028,REF484343,,Susan Gonzalez,"5276 Broadway, Austin, TX 51637",250,USD,TWO HUNDRED FIFTY,11-13-2025,,1,missing_fields,0.865834173010365
Western Union,WU956653630,REF333104,Jane Wilson,Jane Gonzalez,"6922 First Ave, New York, PA 12732",100,USD,ONE HUNDRED,12-01-2025,Agent Jones,1,date_inconsistency,0.9716483386508956
MoneyGram,WU777777777,REF105609,Linda Brown,David Garcia,"6671 First Ave, Fort Worth, TX 70207",300,USD,THREE HUNDRED,10-25-2025,Agent Martin,1,duplicate_serial,0.9421003272620926
USPS,29751746500,REF126979,John Taylor,Linda Jones,"3327 Market St, Fort Worth, IL 16543",300,USD,THREE HUNDRED,10-10-2025,Agent Rodriguez,0,none,1.0
MoneyGram,MG122206464,REF980633,John Williams,Patricia Thomas,"2417 Oak Ave, Jacksonville, TX 72629",3000,USD,THREE THOUSAND,10-03-2024,,1,stolen_form,0.9725435340904034
MoneyGram,MG576507786,REF113287,Lisa Anderson,Linda Martinez,"6192 Elm St, Austin, NC 23324",3000,USD,THREE THOUSAND,10-07-2024,,1,stolen_form,0.9469978077395504
Western Union,WU928035391,REF302519,David Martin,John Gonzalez,"9453 Hill Rd, Austin, GA 79178",150,USD,ONE HUNDRED FIFTY,09-06-2025,Agent Jackson,0,none,1.0
MoneyGram,INVALID2089,REF153380,Patricia Gonzalez,David Lopez,"2100 Washington Blvd, Charlotte, IL 94974",200,USD,TWO HUNDRED,09-26-2025,Agent Rodriguez,1,invalid_serial,0.9188561702503496
MoneyGram,WU222222222,REF447569,Jane Rodriguez,Lisa Taylor,"5397 Hill Rd, Austin, CA 15594",300,USD,THREE HUNDRED,09-08-2025,Agent Gonzalez,1,duplicate_serial,0.9201160812517776
MoneyGram,MG698851591,REF864671,Mary Williams,Thomas Miller,"7376 Washington Blvd, Columbus, FL 88581",500,USD,FIVE HUNDRED,11-06-2025,Agent Anderson,0,none,1.0
USPS,29101268316,REF195691,Mary Moore,Charles Miller,"9583 Oak Ave, San Jose, CA 64519",1000,USD,ONE THOUSAND,11-02-2025,Agent Davis,0,none,1.0
MoneyGram,MG395867611,REF506416,Jennifer Anderson,Barbara Wilson,"7096 Elm St, Columbus, NC 76909",300,USD,SEVEN HUNDRED FIFTY,09-03-2025,Agent Moore,1,amount_mismatch,0.9490169848336836
MoneyGram,MG538107283,REF374536,Michael Taylor,William Thomas,"568 Church St, Houston, NY 97833",500,USD,FIVE HUNDRED,09-23-2025,Agent Brown,0,none,1.0
Western Union,WU370090892,REF563335,Christopher Davis,William Anderson,"8879 Spring St, Los Angeles, GA 13144",250,USD,TWO HUNDRED FIFTY,11-09-2025,Agent Johnson,0,none,1.0
Western Union,WU325533419,REF646537,Jane Gonzalez,,,1000,USD,ONE THOUSAND,11-12-2025,,1,missing_fields,0.9846679888914864
USPS,47517533612,REF492756,Sarah Thomas,Robert Martin,"9674 Broadway, Dallas, IL 99607",1000,USD,ONE THOUSAND,09-04-2025,Agent Jones,0,none,1.0
MoneyGram,MG418747719,REF987662,Thomas Garcia,Linda Jones,"268 Cedar Ln, Columbus, OH 76285",750,USD,SEVEN HUNDRED FIFTY,09-03-2025,Agent Gonzalez,0,none,1.0
USPS,77939231284,REF720765,Richard Thomas,John Davis,"3405 Market St, Philadelphia, PA 11818",100,USD,ONE HUNDRED,09-05-2025,Agent Davis,0,none,1.0
USPS,24697839336,REF354636,Michael Rodriguez,Jane Davis,"3485 Broadway, San Diego, IL 20711",2999,USD,ONE HUNDRED,10-07-2025,Agent Jackson,1,altered_amount,0.9414783318608428
Western Union,WU429693055,REF349754,Lisa Garcia,William Rodriguez,"3393 Spring St, Jacksonville, GA 30393",300,USD,THREE HUNDRED,09-21-2025,Agent Gonzalez,0,none,1.0
USPS,25253593784,REF727356,James Taylor,Susan Martin,"8056 Main St, Austin, FL 66320",1000,USD,ONE THOUSAND,08-28-2025,Agent Brown,0,none,1.0
Western Union,WU783426346,REF162686,Barbara Rodriguez,Patricia Rodriguez,"3171 Elm St, Columbus, OH 50822",9999,USD,THREE HUNDRED,10-16-2025,Agent Johnson,1,altered_amount,0.95714899840719
Western Union,WU555555555,REF255543,Richard Martinez,Emily Johnson,"5654 Cedar Ln, San Antonio, GA 86987",2000,USD,TWO THOUSAND,09-11-2025,Agent Moore,1,duplicate_serial,0.8869339199819345
USPS,75772380484,REF827658,Michael Anderson,David Martinez,"5947 Maple Dr, Columbus, IL 10961",250,USD,TWO HUNDRED FIFTY,11-08-2025,Agent Lopez,0,none,1.0
Western Union,WU195754072,REF947070,John Davis,Thomas Davis,"8536 First Ave, Austin, NC 97904",100,USD,ONE HUNDRED,08-20-2025,Agent Martinez,0,none,1.0
USPS,WU111111111,REF885385,John Hernandez,Barbara Rodriguez,"2756 Washington Blvd, Charlotte, NC 23168",250,USD,TWO HUNDRED FIFTY,10-16-2025,Agent Taylor,1,duplicate_serial,0.931985741916753
USPS,71122098808,REF655155,,Michael Thomas,"8339 Broadway, Fort Worth, NC 92315",200,USD,TWO HUNDRED,09-12-2025,Agent Rodriguez,1,missing_fields,0.9567692527816584
Western Union,WU986645630,REF331870,James Taylor,Barbara Johnson,"2901 Elm St, Fort Worth, TX 26148",50,USD,FIFTY,09-28-2025,Agent Davis,0,none,1.0
USPS,69502004260,REF114714,,Mary Miller,,50,USD,FIFTY,11-13-2025,Agent Anderson,1,missing_fields,0.9520559709442548
USPS,65154107972,REF637545,Richard Martinez,Jane Martin,"360 Washington Blvd, Austin, TX 30387",3000,USD,THREE THOUSAND,04-06-2025,,1,stolen_form,0.9184613928329804
MoneyGram,MG923269429,REF918682,Thomas Thomas,Thomas Smith,"7061 Maple Dr, Charlotte, NC 18601",750,USD,SEVEN HUNDRED FIFTY,11-26-2025,Agent Gonzalez,1,date_inconsistency,0.9211664144368812
MoneyGram,MG233752182,REF435082,Richard Brown,Charles Jones,"178 Maple Dr, San Jose, IL 52826",50,USD,FIFTY,11-15-2025,Agent Smith,0,none,1.0
Western Union,WU632403913,REF429006,Sarah Hernandez,Thomas Garcia,"4307 Park Ave, Austin, MI 74128",50,USD,FIFTY,04-20-2025,,1,stolen_form,0.9040319534661774
MoneyGram,MG540877646,REF823312,James Hernandez,John Jones,"5996 Washington Blvd, Jacksonville, GA 50686",500,USD,FIVE HUNDRED,09-11-2025,Agent Rodriguez,0,none,1.0
Western Union,WU545089592,REF986523,Susan Brown,John Gonzalez,"5287 Maple Dr, San Antonio, GA 80200",200,USD,TWO HUNDRED,10-18-2025,Agent Thomas,0,none,1.0
USPS,INVALID8008,REF754661,Jane Thomas,Christopher Lopez,"3412 Church St, Columbus, NC 28691",1000,USD,ONE THOUSAND,09-22-2025,Agent Thomas,1,invalid_serial,0.86897397250118
MoneyGram,MG713158207,REF978714,David Moore,Jane Thomas,"1734 Main St, Austin, FL 65106",9999,USD,ONE HUNDRED,09-28-2025,Agent Garcia,1,altered_amount,0.9348093118128344
Western Union,WU623516964,REF883631,Patricia Davis,Susan Brown,"8424 Broadway, Chicago, NC 88774",500,USD,FIVE HUNDRED,11-09-2025,Agent Martin,0,none,1.0
Western Union,WU957683915,REF809118,Thomas Wilson,Christopher Garcia,"7097 Washington Blvd, New York, CA 51188",300,USD,THREE HUNDRED,09-25-2025,Agent Martinez,0,none,1.0
MoneyGram,MG979377715,REF557480,Robert Martinez,,,2000,USD,TWO THOUSAND,10-13-2025,Agent Thomas,1,missing_fields,0.8978556809798913
Western Union,WU123670756,REF910935,David Wilson,Richard Wilson,"9580 Oak Ave, Los Angeles, TX 78979",1000,USD,ONE THOUSAND,10-19-2025,Agent Thomas,0,none,1.0
USPS,80689359450,REF275629,Barbara Garcia,John Anderson,"6695 Spring St, Los Angeles, MI 26482",5000,USD,ONE THOUSAND FIVE HUNDRED,10-16-2025,Agent Thomas,1,amount_mismatch,0.8690279617795932
MoneyGram,MG195312121,REF641639,Linda Taylor,Mary Garcia,"9576 First Ave, San Antonio, CA 43270",5000,USD,FIVE THOUSAND,11-10-2025,Agent Smith,0,none,1.0
Western Union,WU973822166,REF330411,James Gonzalez,James Brown,"4079 First Ave, Fort Worth, IL 31695",200,USD,ONE THOUSAND FIVE HUNDRED,11-15-2025,Agent Williams,1,amount_mismatch,0.9016282194634144
USPS,52527099441,REF933308,Jane Taylor,Susan Anderson,"5338 Market St, Columbus, TX 87383",100,USD,ONE HUNDRED,12-26-2024,,1,stolen_form,0.8889658948205812
Western Union,WU598088186,REF323368,William Hernandez,William Martinez,"2497 Washington Blvd, Jacksonville, FL 61069",1500,USD,ONE THOUSAND FIVE HUNDRED,08-26-2025,Agent Anderson,0,none,1.0
MoneyGram,MG222315470,REF639713,Patricia Anderson,Mary Jackson,"6168 Hill Rd, Dallas, OH 34375",200,USD,TWO HUNDRED,11-05-2025,Agent Gonzalez,0,none,1.0
USPS,21528620636,REF901893,Barbara Brown,William Jackson,"7761 Maple Dr, Philadelphia, FL 12859",150,USD,ONE HUNDRED FIFTY,11-19-2025,Agent Martinez,1,date_inconsistency,0.9942326264502468
MoneyGram,MG979965569,REF529830,John Anderson,John Jones,"6264 Pine St, Houston, MI 23398",5000,USD,FIVE THOUSAND,10-01-2025,Agent Thomas,0,none,1.0
Western Union,FAKE52417,,James Miller,Patricia Lopez,"3696 Pine St, Fort Worth, TX 65944",250,USD,TWO HUNDRED FIFTY,10-04-2025,,1,counterfeit,0.99509990610199
MoneyGram,MG632304365,REF583415,Sarah Martin,Patricia Lopez,"130 Market St, San Antonio, NC 80657",250,USD,TWO HUNDRED FIFTY,09-09-2025,Agent Davis,0,none,1.0
Western Union,WU275253471,REF647627,Sarah Garcia,Emily Williams,"256 Market St, Philadelphia, IL 14071",2000,USD,TWO THOUSAND,11-28-2025,Agent Wilson,1,date_inconsistency,0.9969358649072608
MoneyGram,MG250563389,REF725597,Barbara Lopez,Jane Jones,"2275 Pine St, Charlotte, PA 17555",750,USD,SEVEN HUNDRED FIFTY,09-13-2025,Agent Brown,0,none,1.0
MoneyGram,MG754902843,REF119160,Susan Wilson,Mary Williams,"5974 Washington Blvd, Philadelphia, GA 77206",999,USD,FIFTY,09-15-2025,Agent Johnson,1,altered_amount,0.876324937643451
USPS,INVALID1968,REF947455,Barbara Moore,Richard Gonzalez,"2733 Main St, Columbus, PA 11160",2000,USD,TWO THOUSAND,11-16-2025,Agent Gonzalez,1,invalid_serial,0.9490017132460968
Western Union,WU905557919,REF181361,Christopher Martin,William Taylor,"8826 Park Ave, Austin, NY 40872",5000,USD,FIVE THOUSAND,11-02-2025,Agent Martinez,0,none,1.0
MoneyGram,MG344937287,REF376834,Christopher Davis,James Garcia,"8683 Spring St, Columbus, MI 15395",150,USD,ONE HUNDRED FIFTY,11-03-2025,Agent Taylor,0,none,1.0
Western Union,WU777777777,REF272846,Michael Gonzalez,Sarah Taylor,"7599 Washington Blvd, Jacksonville, OH 58133",750,USD,SEVEN HUNDRED FIFTY,09-30-2025,Agent Anderson,1,duplicate_serial,0.9958052797036132
Western Union,WU495431337,REF260707,James Moore,Jennifer Brown,"6473 Hill Rd, Philadelphia, TX 86248",750,USD,SEVEN HUNDRED FIFTY,09-15-2025,Agent Martin,0,none,1.0
MoneyGram,MG925343610,REF882108,Mary Lopez,David Smith,"6572 Park Ave, San Diego, OH 30877",750,USD,SEVEN HUNDRED FIFTY,11-05-2025,Agent Johnson,0,none,1.0
Western Union,WU761122784,REF277333,Michael Gonzalez,Emily Rodriguez,"4513 Elm St, San Antonio, TX 71724",200,USD,TWO HUNDRED,09-18-2025,Agent Hernandez,0,none,1.0
USPS,22161385014,REF428407,Jane Martin,David Hernandez,"9580 Cedar Ln, San Diego, TX 14690",5000,USD,FIVE THOUSAND,09-16-2024,,1,stolen_form,0.901509941433526
Western Union,FAKE91383,,Thomas Rodriguez,David Hernandez,"2345 Main St, San Jose, TX 53054",750,USD,SEVEN HUNDRED FIFTY,11-12-2025,,1,counterfeit,0.8554382332049163
USPS,FAKE40658,,Emily Hernandez,Barbara Williams,"3942 Broadway, Austin, GA 53811",1000,USD,ONE THOUSAND,09-30-2025,,1,counterfeit,0.9736686217654524
MoneyGram,MG524159006,REF740696,Robert Williams,Susan Johnson,"1307 Park Ave, Columbus, NC 50144",5000,USD,FIVE THOUSAND,12-11-2025,Agent Miller,1,date_inconsistency,0.9495687030240968
MoneyGram,MG520901400,REF612118,Patricia Thomas,Linda Jackson,"2860 Spring St, Austin, IL 50626",250,USD,TWO HUNDRED FIFTY,11-08-2025,Agent Martin,0,none,1.0
MoneyGram,MG607842380,REF644785,Thomas Davis,Jane Jackson,"2429 Washington Blvd, Fort Worth, GA 29332",3000,USD,THREE THOUSAND,10-26-2024,Agent Jones,1,date_inconsistency,0.8554904000347097
USPS,43988948835,REF668143,David Gonzalez,Richard Anderson,"6696 Second St, Charlotte, FL 51028",1000,USD,ONE THOUSAND,10-26-2025,Agent Anderson,0,none,1.0
MoneyGram,MG628408273,REF453145,Emily Brown,Barbara Miller,"6411 First Ave, Phoenix, FL 99470",3000,USD,FIFTY,08-28-2025,Agent Thomas,1,amount_mismatch,0.9247001276399748
USPS,68326908413,REF828557,David Anderson,Susan Williams,"8320 Park Ave, Houston, IL 12055",250,USD,TWO HUNDRED FIFTY,09-16-2025,Agent Brown,0,none,1.0
MoneyGram,MG478857320,REF689249,Mary Hernandez,Christopher Jones,"7114 Second St, Phoenix, MI 74812",3000,USD,TWO HUNDRED FIFTY,09-13-2025,Agent Martinez,1,amount_mismatch,0.9040059847348596
MoneyGram,MG515783197,REF345158,Susan Jones,Christopher Thomas,"9579 Maple Dr, Dallas, NY 34055",750,USD,SEVEN HUNDRED FIFTY,11-08-2024,Agent Johnson,1,date_inconsistency,0.8636387708724662
Western Union,FAKE85810,,Barbara Thomas,Susan Lopez,"1047 Hill Rd, Houston, MI 50654",1000,USD,ONE THOUSAND,10-09-2025,,1,counterfeit,0.9425841967133624
MoneyGram,MG726737568,REF510513,Mary Moore,Christopher Moore,"6846 Washington Blvd, San Jose, CA 19220",1499,USD,THREE HUNDRED,11-11-2025,Agent Thomas,1,altered_amount,0.9717527347338186
MoneyGram,MG452815306,REF675308,Mary Jackson,Lisa Garcia,"9493 Maple Dr, San Jose, MI 10838",1000,USD,ONE THOUSAND,10-16-2025,Agent Jones,0,none,1.0
Western Union,INVALID9590,REF229356,Charles Garcia,Christopher Wilson,"5408 Main St, San Jose, OH 74301",1500,USD,ONE THOUSAND FIVE HUNDRED,09-21-2025,Agent Smith,1,invalid_serial,0.870975587488119
USPS,45179985021,REF358099,Robert Davis,Linda Martin,"4355 Washington Blvd, Fort Worth, MI 67797",100,USD,ONE HUNDRED,11-09-2025,Agent Smith,0,none,1.0
Western Union,WU674371428,REF278136,Jane Lopez,John Miller,"6867 Park Ave, Jacksonville, NC 97086",2000,USD,TWO THOUSAND,08-25-2025,Agent Jones,0,none,1.0
USPS,30169184501,REF991061,Patricia Gonzalez,Lisa Lopez,"4052 Church St, San Jose, PA 23174",150,USD,ONE HUNDRED FIFTY,09-08-2025,Agent Jackson,0,none,1.0
USPS,32099698000,REF872325,Michael Davis,Richard Hernandez,"2029 Oak Ave, Dallas, MI 99391",150,USD,ONE HUNDRED FIFTY,09-05-2025,Agent Taylor,0,none,1.0
USPS,44668200885,REF472590,James Garcia,James Anderson,"3737 Church St, New York, IL 41221",1499,USD,FIVE THOUSAND,10-31-2025,Agent Johnson,1,altered_amount,0.8787055733714374
MoneyGram,MG186249789,REF793929,Michael Brown,Robert Moore,"757 Maple Dr, New York, PA 84633",1500,USD,ONE THOUSAND FIVE HUNDRED,08-30-2025,Agent Smith,0,none,1.0
USPS,FAKE85755,,Christopher Williams,William Johnson,"2686 Elm St, Philadelphia, NY 25997",200,USD,TWO HUNDRED,08-21-2025,,1,counterfeit,0.9435420569971148
USPS,30856653457,REF516780,Sarah Jackson,Thomas Gonzalez,"5988 Main St, San Antonio, CA 22847",5000,USD,TWO HUNDRED FIFTY,09-01-2025,Agent Johnson,1,amount_mismatch,0.9354884916000517
MoneyGram,INVALID1201,REF835730,James Davis,Mary Hernandez,"298 Market St, Phoenix, IL 86413",150,USD,ONE HUNDRED FIFTY,10-21-2025,Agent Rodriguez,1,invalid_serial,0.981926332439366
MoneyGram,MG345831807,REF922720,Thomas Davis,Thomas Davis,"9677 Park Ave, Philadelphia, NC 42599",100,USD,ONE HUNDRED,10-13-2025,Agent Anderson,0,none,1.0
MoneyGram,MG132672702,REF806666,Sarah Thomas,Sarah Gonzalez,"4674 Elm St, Dallas, NY 64419",750,USD,SEVEN HUNDRED FIFTY,11-07-2025,Agent Gonzalez,0,none,1.0
MoneyGram,FAKE34693,,William Williams,Charles Rodriguez,"5919 Broadway, Dallas, CA 67265",50,USD,FIFTY,09-20-2025,,1,counterfeit,0.9785393770617066
USPS,69115657479,REF233775,Lisa Lopez,William Martin,"7568 Spring St, San Jose, PA 51850",5000,USD,FIVE THOUSAND,10-01-2024,Agent Jackson,1,date_inconsistency,0.9132965305297228
Western Union,WU660305108,REF102474,Susan Davis,Mary Gonzalez,"6364 First Ave, Houston, FL 57582",250,USD,TWO THOUSAND,09-08-2025,Agent Brown,1,amount_mismatch,0.9577818011152516
USPS,97379908455,REF408943,David Martin,William Rodriguez,"5273 Second St, Phoenix, GA 73792",300,USD,THREE HUNDRED,09-10-2025,Agent Gonzalez,0,none,1.0
USPS,91511303273,REF605633,Susan Hernandez,Charles Martinez,"6480 Cedar Ln, Los Angeles, PA 26802",3000,USD,THREE THOUSAND,10-07-2025,Agent Jones,0,none,1.0
Western Union,WU718697207,REF251993,Richard Thomas,,"1672 Hill Rd, Austin, PA 33784",5000,USD,FIVE THOUSAND,08-26-2025,,1,missing_fields,0.8776013916569607
Western Union,WU710016802,REF739633,Lisa Hernandez,Charles Jackson,"7070 Broadway, Los Angeles, MI 24168",250,USD,TWO HUNDRED FIFTY,10-26-2025,Agent Hernandez,0,none,1.0
Western Union,WU142556483,REF218180,Emily Martin,Jane Gonzalez,"7494 Pine St, Charlotte, GA 58549",3000,USD,THREE THOUSAND,11-09-2025,Agent Williams,0,none,1.0
Western Union,WU446237413,REF181308,Thomas Wilson,Richard Brown,"4042 Maple Dr, San Antonio, OH 88262",250,USD,TWO THOUSAND,09-14-2025,Agent Taylor,1,amount_mismatch,0.9037273606935214
USPS,30311096852,REF274924,Jennifer Miller,Emily Martin,"2407 Park Ave, Fort Worth, GA 88851",500,USD,FIVE HUNDRED,10-19-2025,Agent Brown,0,none,1.0
Western Union,WU980814525,REF949886,Jennifer Smith,Jennifer Jackson,"5477 Broadway, San Antonio, NY 50850",1500,USD,ONE THOUSAND FIVE HUNDRED,09-24-2025,Agent Johnson,0,none,1.0
Western Union,WU919496647,REF973447,Patricia Jones,Richard Anderson,"6209 Spring St, Fort Worth, NY 98743",300,USD,FIVE THOUSAND,10-31-2025,Agent Jackson,1,amount_mismatch,0.9225415147629732
MoneyGram,MG682582413,REF765814,Emily Martinez,Michael Martinez,"8873 Elm St, Austin, OH 95197",100,USD,ONE HUNDRED,08-30-2025,Agent Moore,0,none,1.0
MoneyGram,WU999999999,REF413761,Richard Brown,Susan Brown,"6679 Pine St, Austin, MI 54331",5000,USD,FIVE THOUSAND,11-01-2025,Agent Taylor,1,duplicate_serial,0.9439126530331574
MoneyGram,MG720949065,REF165343,William Miller,Christopher Taylor,"5179 Main St, Los Angeles, NC 78758",300,USD,THREE HUNDRED,12-03-2025,Agent Wilson,1,date_inconsistency,0.9624711187112848
USPS,INVALID1509,REF906159,Patricia Moore,Jane Johnson,"1331 Broadway, Dallas, NY 97359",1500,USD,ONE THOUSAND FIVE HUNDRED,11-15-2025,Agent Martinez,1,invalid_serial,0.9776443658335516
USPS,35143040372,REF472161,Mary Jackson,,"528 Park Ave, Chicago, GA 72581",500,USD,FIVE HUNDRED,11-08-2025,Agent Rodriguez,1,missing_fields,0.985951850424412
USPS,WU666666666,REF614331,Sarah Thomas,James Wilson,"1474 Park Ave, San Jose, FL 12911",750,USD,SEVEN HUNDRED FIFTY,11-09-2025,Agent Taylor,1,duplicate_serial,0.9252375252015173
Western Union,WU111111111,REF243202,William Thomas,Christopher Miller,"3960 Pine St, New York, TX 70475",2000,USD,TWO THOUSAND,09-29-2025,Agent Miller,1,duplicate_serial,0.9158042225396894
MoneyGram,MG833467734,REF799049,Lisa Gonzalez,James Taylor,"6073 Broadway, Austin, MI 99930",200,USD,TWO HUNDRED,11-03-2025,Agent Jackson,0,none,1.0
Western Union,WU129087357,REF404652,Susan Thomas,Robert Martin,"4209 Oak Ave, New York, IL 44078",5000,USD,SEVEN HUNDRED FIFTY,10-28-2025,Agent Williams,1,amount_mismatch,0.8773329895239657
MoneyGram,MG470839764,REF985112,Patricia Thomas,Emily Moore,"6577 Oak Ave, Phoenix, OH 75691",50,USD,FIFTY,09-05-2025,Agent Brown,0,none,1.0
MoneyGram,MG313003781,REF491485,Michael Smith,Linda Johnson,"7169 Church St, Los Angeles, PA 87604",250,USD,TWO HUNDRED FIFTY,10-04-2025,Agent Lopez,0,none,1.0
USPS,INVALID6853,REF928384,Charles Wilson,Robert Jackson,"9529 Park Ave, Los Angeles, MI 46165",250,USD,TWO HUNDRED FIFTY,09-13-2025,Agent Gonzalez,1,invalid_serial,0.8518532254373835
MoneyGram,MG640771607,REF495893,Barbara Miller,Mary Martin,"6280 Second St, Dallas, PA 82459",3000,USD,THREE THOUSAND,09-16-2025,Agent Martin,0,none,1.0
USPS,28342594003,REF409889,Patricia Miller,Linda Rodriguez,"8307 Hill Rd, Fort Worth, GA 26603",1500,USD,ONE THOUSAND FIVE HUNDRED,09-01-2025,Agent Jackson,0,none,1.0
USPS,59147268911,REF850858,,,"9823 Broadway, San Antonio, TX 61665",250,USD,TWO HUNDRED FIFTY,09-12-2025,Agent Hernandez,1,missing_fields,0.9329435536507082
MoneyGram,MG349904095,REF629982,Lisa Taylor,Michael Johnson,"5263 Second St, San Diego, NC 81080",750,USD,SEVEN HUNDRED FIFTY,01-16-2025,,1,stolen_form,0.9240760580459354
USPS,91937959692,REF445857,Patricia Garcia,Mary Jackson,"2308 Pine St, Los Angeles, TX 72821",750,USD,SEVEN HUNDRED FIFTY,09-26-2025,Agent Moore,0,none,1.0
USPS,77495375622,REF527649,Barbara Jones,Richard Wilson,"833 Elm St, San Jose, NY 34156",300,USD,THREE HUNDRED,10-24-2025,Agent Johnson,0,none,1.0
MoneyGram,MG204126342,REF215569,Jane Jones,Lisa Moore,"2368 Pine St, New York, NY 31935",50,USD,FIFTY,11-15-2025,Agent Thomas,0,none,1.0
MoneyGram,MG537815591,REF997769,Christopher Brown,Christopher Garcia,"3672 Maple Dr, Columbus, NC 84032",750,USD,SEVEN HUNDRED FIFTY,03-02-2025,,1,stolen_form,0.9032089593054032
USPS,86929712479,REF285213,Patricia Rodriguez,Robert Johnson,"8716 Pine St, Austin, PA 21471",9999,USD,TWO THOUSAND,10-23-2025,Agent Moore,1,altered_amount,0.9114282286204134
USPS,67611785223,REF708899,David Anderson,Susan Rodriguez,"8311 Maple Dr, Houston, NY 73596",3000,USD,THREE THOUSAND,01-30-2025,,1,stolen_form,0.966482036331542
MoneyGram,MG430389090,REF915832,Linda Anderson,Jennifer Williams,"5337 Elm St, Austin, NY 73456",4999,USD,SEVEN HUNDRED FIFTY,10-04-2025,Agent Martin,1,altered_amount,0.9237613385541044
MoneyGram,MG873410706,REF832962,Michael Lopez,Barbara Martinez,"2228 Pine St, San Jose, PA 71442",1000,USD,ONE THOUSAND,09-10-2025,Agent Thomas,0,none,1.0
USPS,36429744137,REF444863,,Thomas Jackson,,2000,USD,TWO THOUSAND,09-17-2025,,1,missing_fields,0.8702380760151963
Western Union,WU555315277,REF895581,William Moore,Emily Miller,"4399 Washington Blvd, Charlotte, OH 52473",250,USD,TWO HUNDRED FIFTY,09-12-2025,Agent Martin,0,none,1.0
MoneyGram,FAKE28148,,Robert Garcia,Michael Miller,"2088 Church St, San Antonio, TX 81215",500,USD,FIVE HUNDRED,10-09-2025,,1,counterfeit,0.8702673461728484
Western Union,WU706668451,REF928419,Robert Wilson,Jane Moore,"7316 Spring St, Phoenix, NY 85231",300,USD,THREE HUNDRED,10-07-2025,Agent Moore,0,none,1.0
MoneyGram,INVALID8029,REF687802,Lisa Anderson,Jane Lopez,"8790 Main St, San Antonio, FL 37063",250,USD,TWO HUNDRED FIFTY,10-27-2025,Agent Miller,1,invalid_serial,0.9928719068908576
USPS,87514590368,REF371029,Charles Williams,Jane Rodriguez,"1566 Cedar Ln, Charlotte, PA 65700",999,USD,FIVE HUNDRED,10-20-2025,Agent Taylor,1,altered_amount,0.8670852123487988
Western Union,WU935052367,REF465352,Susan Lopez,Lisa Johnson,"2646 Main St, Columbus, PA 61774",50,USD,FIFTY,11-06-2025,Agent Wilson,0,none,1.0
Western Union,FAKE58653,,Christopher Miller,David Johnson,"1779 Hill Rd, Philadelphia, OH 23254",500,USD,FIVE HUNDRED,09-08-2025,,1,counterfeit,0.9885541914625676
Western Union,WU569243027,REF645758,Jane Miller,Christopher Brown,"8219 Market St, San Diego, OH 33689",4999,USD,TWO HUNDRED,09-18-2025,Agent Martinez,1,altered_amount,0.9520091065553732
USPS,84660170793,REF112609,Richard Smith,Susan Brown,"2053 Pine St, Philadelphia, NY 42100",200,USD,TWO HUNDRED,11-17-2025,Agent Taylor,0,none,1.0
MoneyGram,MG506471462,REF167368,Charles Wilson,William Jones,"3315 Spring St, San Antonio, IL 33209",100,USD,ONE HUNDRED,10-03-2025,Agent Thomas,0,none,1.0
USPS,INVALID9072,REF590441,Emily Anderson,Jennifer Gonzalez,"802 Broadway, Fort Worth, CA 45620",250,USD,TWO HUNDRED FIFTY,10-18-2025,Agent Brown,1,invalid_serial,0.9109626168721732
Western Union,WU232076162,REF318906,Richard Jones,James Thomas,"9385 Market St, San Jose, NY 33322",2999,USD,ONE HUNDRED,11-09-2025,Agent Smith,1,altered_amount,0.8647646305469902
Western Union,WU761192956,REF889796,Lisa Thomas,Charles Miller,"8297 Main St, Los Angeles, NY 49093",750,USD,SEVEN HUNDRED FIFTY,03-04-2025,Agent Williams,1,date_inconsistency,0.8885634587873303
USPS,82371561440,REF568297,Sarah Smith,Thomas Lopez,"1794 Park Ave, Phoenix, CA 32506",2000,USD,TWO THOUSAND AND 00/100 DOLLARS,09-23-2025,Agent Martinez,0,none,1.0
USPS,73545593128,REF576964,Jane Anderson,Linda Lopez,"3795 Second St, Phoenix, NC 20381",200,USD,TWO HUNDRED AND 00/100 DOLLARS,09-04-2024,Agent Williams,1,date_inconsistency,0.8625637019146519
USPS,INVALID7450,REF418726,Mary Johnson,Christopher Martin,"7791 Spring St, San Antonio, NY 82370",1000,USD,ONE THOUSAND AND 00/100 DOLLARS,09-30-2025,Agent Hernandez,1,invalid_serial,0.913182214659451
MoneyGram,MG408222433,REF632183,John Wilson,,"6818 Broadway, New York, FL 66029",150,USD,ONE HUNDRED FIFTY AND 00/100 DOLLARS,10-28-2025,,1,missing_fields,0.9192610486149192
USPS,INVALID5679,REF136599,Christopher Gonzalez,Jane Davis,"4843 First Ave, San Jose, IL 82154",150,USD,ONE HUNDRED FIFTY AND 00/100 DOLLARS,11-16-2025,Agent Jackson,1,invalid_serial,0.9176822839982058
MoneyGram,MG962071140,REF747943,Patricia Miller,Thomas Brown,"5134 Spring St, Jacksonville, MI 58807",150,USD,ONE HUNDRED FIFTY AND 00/100 DOLLARS,09-25-2025,Agent Jackson,0,none,1.0
MoneyGram,INVALID3193,REF710566,Susan Smith,Emily Martin,"8826 Oak Ave, Fort Worth, PA 36393",200,USD,TWO HUNDRED AND 00/100 DOLLARS,09-21-2025,Agent Garcia,1,invalid_serial,0.9544963059604644
USPS,WU555555555,REF736539,Jane Anderson,David Rodriguez,"3920 Hill Rd, Charlotte, FL 40682",150,USD,ONE HUNDRED FIFTY AND 00/100 DOLLARS,09-10-2025,Agent Jones,1,duplicate_serial,0.8574657019118923
USPS,11954691790,REF917089,James Lopez,John Wilson,"7503 Main St, Austin, PA 10436",100,USD,FIVE THOUSAND AND 00/100 DOLLARS,09-22-2025,Agent Jones,1,amount_mismatch,0.9957192790937014
Western Union,WU672615612,REF630070,Michael Thomas,Patricia Martin,"6474 Elm St, Columbus, OH 69931",50,USD,FIFTY AND 00/100 DOLLARS,10-18-2025,Agent Martinez,0,none,1.0
Western Union,WU222222222,REF702774,Christopher Smith,Richard Johnson,"7502 Broadway, Austin, PA 66793",5000,USD,FIVE THOUSAND AND 00/100 DOLLARS,09-17-2025,Agent Martinez,1,duplicate_serial,0.9560422597538852
Western Union,WU107276320,REF148393,James Hernandez,Sarah Miller,"4862 Market St, San Jose, MI 12323",200,USD,TWO HUNDRED AND 00/100 DOLLARS,11-06-2025,Agent Martin,0,none,1.0
USPS,10372243858,REF657185,James Hernandez,Christopher Johnson,"6769 Main St, Chicago, FL 22870",3000,USD,THREE THOUSAND AND 00/100 DOLLARS,10-22-2025,Agent Jackson,0,none,1.0
USPS,WU111111111,REF646160,Barbara Davis,Sarah Martinez,"3308 Second St, San Jose, GA 67409",50,USD,FIFTY AND 00/100 DOLLARS,09-29-2025,Agent Jones,1,duplicate_serial,0.9457795921003752
Western Union,WU666666666,REF995651,Richard Garcia,Susan Garcia,"2115 Elm St, Phoenix, OH 96752",200,USD,TWO HUNDRED AND 00/100 DOLLARS,09-06-2025,Agent Jones,1,duplicate_serial,0.9943194361540444
MoneyGram,MG697591964,REF562895,Jennifer Rodriguez,Susan Jackson,"3674 Spring St, Fort Worth, FL 61816",1500,USD,ONE THOUSAND FIVE HUNDRED AND 00/100 DOLLARS,01-13-2025,Agent Garcia,1,date_inconsistency,0.9636228473601236
Western Union,WU598004038,REF174544,Barbara Martinez,Patricia Jones,"3610 Maple Dr, Phoenix, PA 19761",50,USD,FIFTY AND 00/100 DOLLARS,10-07-2025,Agent Martin,0,none,1.0
USPS,32113654589,REF944295,Mary Gonzalez,Jennifer Hernandez,"980 Church St, New York, FL 96617",4999,USD,THREE THOUSAND AND 00/100 DOLLARS,10-18-2025,Agent Anderson,1,altered_amount,0.945705251217458
Western Union,WU225849621,REF250111,Jane Moore,Linda Jackson,"8484 Oak Ave, Columbus, IL 35273",1000,USD,ONE THOUSAND AND 00/100 DOLLARS,09-25-2025,Agent Rodriguez,0,none,1.0
MoneyGram,MG684829077,REF196609,William Johnson,Michael Smith,"6202 Maple Dr, San Diego, CA 34974",3000,USD,THREE THOUSAND AND 00/100 DOLLARS,10-07-2025,Agent Taylor,0,none,1.0
USPS,89429894443,REF205659,Michael Thomas,Richard Rodriguez,"6594 Second St, San Diego, NY 31510",3000,USD,THREE THOUSAND AND 00/100 DOLLARS,09-09-2025,Agent Anderson,0,none,1.0
MoneyGram,MG760291139,REF539804,Michael Taylor,Sarah Jackson,"2157 Park Ave, Houston, FL 61625",250,USD,TWO HUNDRED FIFTY AND 00/100 DOLLARS,08-24-2025,Agent Johnson,0,none,1.0
MoneyGram,WU888888888,REF548662,Mary Taylor,Sarah Martin,"8552 Pine St, Jacksonville, IL 32673",3000,USD,THREE THOUSAND AND 00/100 DOLLARS,10-25-2025,Agent Smith,1,duplicate_serial,0.9620371909683244
USPS,68263066753,REF472150,Linda Jackson,Christopher Hernandez,"4789 Spring St, San Antonio, NY 55545",1000,USD,ONE THOUSAND AND 00/100 DOLLARS,11-12-2025,Agent Williams,0,none,1.0
USPS,97935429982,REF399883,Robert Lopez,Jane Thomas,"2139 Church St, Chicago, FL 18818",1500,USD,THREE HUNDRED AND 00/100 DOLLARS,09-12-2025,Agent Anderson,1,amount_mismatch,0.8760426287280179
Western Union,WU555555555,REF789075,Mary Martin,James Gonzalez,"309 Market St, Columbus, NC 90932",2000,USD,TWO THOUSAND AND 00/100 DOLLARS,10-25-2025,Agent Johnson,1,duplicate_serial,0.988081971030592
Western Union,WU154852627,REF164903,Sarah Garcia,John Lopez,"9331 Second St, Dallas, FL 44113",5000,USD,FIVE THOUSAND AND 00/100 DOLLARS,10-17-2024,,1,stolen_form,0.9326744058658648
USPS,78550579730,REF153696,Robert Thomas,Lisa Martin,"2822 First Ave, Los Angeles, OH 76859",50,USD,FIFTY AND 00/100 DOLLARS,09-23-2025,Agent Williams,0,none,1.0
Western Union,WU780571290,REF838692,Linda Lopez,Mary Davis,"6132 Maple Dr, San Antonio, IL 25094",2000,USD,TWO THOUSAND AND 00/100 DOLLARS,02-07-2025,,1,stolen_form,0.9905231549475796
Western Union,WU269016501,REF546793,Susan Gonzalez,Sarah Moore,"3699 Main St, Dallas, NY 50150",3000,USD,THREE THOUSAND AND 00/100 DOLLARS,09-19-2025,Agent Miller,0,none,1.0
MoneyGram,MG439008755,REF912530,Emily Davis,Sarah Brown,"2000 Second St, Fort Worth, NY 74381",999,USD,TWO HUNDRED AND 00/100 DOLLARS,10-08-2025,Agent Garcia,1,altered_amount,0.9071534070938068
MoneyGram,WU888888888,REF290083,Linda Miller,Jane Moore,"2631 Broadway, Houston, GA 37168",5000,USD,FIVE THOUSAND AND 00/100 DOLLARS,08-22-2025,Agent Lopez,1,duplicate_serial,0.9605733859003012
Western Union,WU280517796,REF915915,Thomas Williams,Emily Moore,"5867 Main St, San Diego, PA 52767",50,USD,FIVE HUNDRED AND 00/100 DOLLARS,11-08-2025,Agent Smith,1,amount_mismatch,0.9641943624598592
Western Union,WU658782278,REF983845,Richard Rodriguez,Linda Brown,"3264 Washington Blvd, Chicago, NY 48035",2000,USD,TWO THOUSAND AND 00/100 DOLLARS,09-16-2025,Agent Martinez,0,none,1.0
MoneyGram,MG988010453,REF444320,Lisa Williams,Michael Gonzalez,"4361 Cedar Ln, Dallas, NC 52617",1500,USD,ONE THOUSAND FIVE HUNDRED AND 00/100 DOLLARS,08-24-2025,Agent Jones,0,none,1.0
MoneyGram,MG904260123,REF248667,Jane Jones,Thomas Johnson,"5487 Maple Dr, Fort Worth, NC 74329",1500,USD,FIFTY AND 00/100 DOLLARS,08-27-2025,Agent Taylor,1,amount_mismatch,0.8525027320652143
Western Union,WU755536759,REF150500,Emily Moore,Sarah Martin,"700 Park Ave, San Antonio, IL 47160",500,USD,FIVE HUNDRED AND 00/100 DOLLARS,10-24-2025,Agent Hernandez,0,none,1.0
USPS,44811458249,REF983123,Barbara Gonzalez,James Johnson,"879 Second St, Jacksonville, FL 45700",300,USD,THREE HUNDRED AND 00/100 DOLLARS,08-24-2025,Agent Lopez,0,none,1.0
Western Union,WU555555555,REF940069,Susan Rodriguez,Patricia Williams,"1418 First Ave, San Diego, NY 65366",5000,USD,FIVE THOUSAND AND 00/100 DOLLARS,10-24-2025,Agent Hernandez,1,duplicate_serial,0.8576290063452477
USPS,40338674153,REF928674,Mary Miller,Emily Smith,"126 Elm St, Dallas, NC 11828",1000,USD,ONE THOUSAND AND 00/100 DOLLARS,10-01-2025,Agent Taylor,0,none,1.0
MoneyGram,MG926276343,REF944441,Susan Moore,Thomas Lopez,"5751 Spring St, San Jose, OH 97419",150,USD,ONE HUNDRED FIFTY AND 00/100 DOLLARS,09-18-2025,Agent Moore,0,none,1.0
Western Union,WU601423819,REF100243,Charles Thomas,Mary Martin,"1140 Hill Rd, Fort Worth, TX 63582",2000,USD,TWO THOUSAND AND 00/100 DOLLARS,09-15-2025,Agent Miller,0,none,1.0
Western Union,WU297943881,REF705543,James Smith,Susan Davis,"3067 Broadway, Philadelphia, TX 54483",5000,USD,FIVE THOUSAND AND 00/100 DOLLARS,10-19-2025,Agent Moore,0,none,1.0
USPS,30958289129,REF148599,Emily Taylor,Barbara Miller,"7150 Hill Rd, New York, FL 46975",2000,USD,TWO THOUSAND AND 00/100 DOLLARS,09-10-2025,Agent Anderson,0,none,1.0
Western Union,WU276580541,REF584508,Christopher Jackson,Michael Anderson,"1808 Broadway, Jacksonville, FL 90013",3000,USD,THREE THOUSAND AND 00/100 DOLLARS,08-29-2025,Agent Jones,0,none,1.0
Western Union,WU377806555,REF484718,Christopher Miller,John Williams,"1901 Market St, Fort Worth, NY 36142",200,USD,TWO HUNDRED FIFTY AND 00/100 DOLLARS,11-17-2025,Agent Miller,1,amount_mismatch,0.9146201317428811
USPS,FAKE25445,,Sarah Gonzalez,James Jackson,"6308 Hill Rd, Houston, MI 90602",5000,USD,FIVE THOUSAND AND 00/100 DOLLARS,11-15-2025,,1,counterfeit,0.8994696396543641
MoneyGram,INVALID6405,REF335064,William Anderson,Jennifer Williams,"7765 Elm St, San Antonio, OH 74449",2000,USD,TWO THOUSAND AND 00/100 DOLLARS,09-20-2025,Agent Thomas,1,invalid_serial,0.9916891901848938
Western Union,WU639728205,REF449233,Michael Taylor,Emily Hernandez,"4406 Elm St, Houston, PA 13154",250,USD,TWO HUNDRED FIFTY AND 00/100 DOLLARS,01-21-2025,,1,stolen_form,0.9696807242493496
MoneyGram,MG865344640,REF212637,Richard Anderson,Patricia Martinez,"6541 Oak Ave, San Jose, NC 66561",1500,USD,ONE THOUSAND FIVE HUNDRED AND 00/100 DOLLARS,10-27-2024,Agent Martinez,1,date_inconsistency,0.8918750970455129
Western Union,WU666666666,REF153914,Charles Lopez,Sarah Johnson,"4676 Cedar Ln, New York, GA 29867",1000,USD,ONE THOUSAND AND 00/100 DOLLARS,08-28-2025,Agent Jackson,1,duplicate_serial,0.87907221256542
USPS,69511671279,REF431810,Robert Moore,Charles Rodriguez,"2117 Second St, Chicago, GA 36688",9999,USD,ONE THOUSAND AND 00/100 DOLLARS,10-09-2025,Agent Taylor,1,altered_amount,0.8841757774125941
USPS,48090183200,REF911814,Sarah Martinez,Lisa Smith,"345 Second St, Houston, CA 27587",3000,USD,THREE THOUSAND AND 00/100 DOLLARS,10-06-2025,Agent Wilson,0,none,1.0
Western Union,WU880760670,REF691472,Emily Lopez,Jennifer Smith,"4922 Park Ave, San Antonio, CA 63608",50,USD,FIFTY AND 00/100 DOLLARS,11-14-2025,Agent Garcia,0,none,1.0
MoneyGram,FAKE93007,,Robert Wilson,William Gonzalez,"8158 Second St, Austin, CA 14575",1500,USD,ONE THOUSAND FIVE HUNDRED AND 00/100 DOLLARS,08-25-2025,,1,counterfeit,0.8897258580361415
USPS,18114845584,REF233047,Christopher Thomas,Richard Thomas,"921 Hill Rd, Fort Worth, FL 54385",1500,USD,TWO HUNDRED AND 00/100 DOLLARS,10-18-2025,Agent Smith,1,amount_mismatch,0.9020941141783214
Western Union,INVALID1863,REF528936,Lisa Williams,Jennifer Garcia,"4158 Market St, Dallas, FL 10247",750,USD,SEVEN HUNDRED FIFTY AND 00/100 DOLLARS,10-21-2025,Agent Garcia,1,invalid_serial,0.97033880496273
MoneyGram,MG336373383,REF768821,Sarah Hernandez,Christopher Garcia,"9434 Cedar Ln, Jacksonville, MI 11692",200,USD,TWO HUNDRED AND 00/100 DOLLARS,11-01-2025,Agent Davis,0,none,1.0
MoneyGram,MG673329394,REF639372,,David Taylor,"3009 Church St, Los Angeles, GA 28565",50,USD,FIFTY AND 00/100 DOLLARS,10-19-2025,,1,missing_fields,0.9903407388187628
USPS,46259905708,REF573272,Christopher Davis,Richard Jones,"4614 Maple Dr, Jacksonville, MI 59661",9999,USD,TWO HUNDRED AND 00/100 DOLLARS,11-03-2025,Agent Lopez,1,altered_amount,0.9204177957446542
Western Union,WU283330210,REF640122,,James Miller,,100,USD,ONE HUNDRED AND 00/100 DOLLARS,11-17-2025,Agent Martin,1,missing_fields,0.8662908180455664
USPS,WU222222222,REF813938,Robert Gonzalez,John Rodriguez,"3567 Hill Rd, San Antonio, MI 91939",100,USD,ONE HUNDRED AND 00/100 DOLLARS,09-10-2025,Agent Anderson,1,duplicate_serial,0.9391959285378918
MoneyGram,MG169382327,REF205523,James Miller,Linda Moore,"5240 Spring St, New York, NY 35510",1000,USD,THREE THOUSAND AND 00/100 DOLLARS,09-10-2025,Agent Hernandez,1,amount_mismatch,0.8538108928764617
USPS,42765195833,REF925711,Thomas Brown,Jane Hernandez,"933 Washington Blvd, San Jose, MI 86120",1000,USD,ONE THOUSAND AND 00/100 DOLLARS,09-26-2024,,1,stolen_form,0.8719466153584067
MoneyGram,MG895718738,REF827049,Sarah Johnson,Barbara Garcia,"9176 Washington Blvd, San Diego, OH 30281",200,USD,TWO HUNDRED AND 00/100 DOLLARS,10-22-2025,Agent Lopez,0,none,1.0
USPS,30674746662,REF988593,Sarah Rodriguez,David Wilson,"4495 Elm St, Los Angeles, CA 39919",100,USD,ONE HUNDRED AND 00/100 DOLLARS,09-06-2025,Agent Davis,0,none,1.0
USPS,18745009853,REF934183,Christopher Miller,Christopher Taylor,"8315 Maple Dr, Austin, TX 90749",300,USD,THREE HUNDRED AND 00/100 DOLLARS,10-11-2025,Agent Wilson,0,none,1.0
Western Union,WU203493983,REF686296,David Moore,Barbara Taylor,"5989 Spring St, Jacksonville, MI 93742",50,USD,FIFTY AND 00/100 DOLLARS,08-29-2025,Agent Smith,0,none,1.0
USPS,34538801417,REF332478,David Davis,Richard Garcia,"5342 Pine St, Houston, NY 58472",1500,USD,ONE THOUSAND FIVE HUNDRED AND 00/100 DOLLARS,09-15-2025,Agent Gonzalez,0,none,1.0
MoneyGram,MG584411348,REF587380,Lisa Miller,Michael Williams,"2233 Second St, Dallas, PA 23211",999,USD,ONE THOUSAND FIVE HUNDRED AND 00/100 DOLLARS,11-15-2025,Agent Garcia,1,altered_amount,0.9331465855322298
MoneyGram,MG552562086,REF805290,Robert Miller,Christopher Lopez,"6220 Pine St, Philadelphia, MI 67484",150,USD,ONE HUNDRED FIFTY AND 00/100 DOLLARS,08-22-2025,Agent Miller,0,none,1.0
Western Union,WU994704191,REF288234,John Jackson,Mary Taylor,"6563 Cedar Ln, San Jose, FL 15919",2000,USD,TWO THOUSAND AND 00/100 DOLLARS,10-12-2025,Agent Moore,0,none,1.0
USPS,66897993320,REF405355,Barbara Taylor,Charles Martin,"5413 Broadway, Jacksonville, IL 10021",200,USD,TWO HUNDRED AND 00/100 DOLLARS,09-11-2025,Agent Thomas,0,none,1.0
USPS,15238542140,REF183560,David Jackson,Emily Williams,"4689 Second St, San Jose, NC 44180",1500,USD,ONE THOUSAND FIVE HUNDRED AND 00/100 DOLLARS,09-20-2025,Agent Hernandez,0,none,1.0
USPS,53633031027,REF156266,Mary Smith,Lisa Taylor,"5963 Market St, Los Angeles, OH 83059",750,USD,SEVEN HUNDRED FIFTY AND 00/100 DOLLARS,08-24-2025,Agent Smith,0,none,1.0
Western Union,WU616580836,REF940788,Christopher Moore,Thomas Martinez,"2684 Park Ave, Charlotte, PA 48107",500,USD,FIVE HUNDRED AND 00/100 DOLLARS,11-03-2024,Agent Wilson,1,date_inconsistency,0.9632429214527908
USPS,INVALID6813,REF742233,Richard Davis,John Williams,"6332 Washington Blvd, Los Angeles, NY 95990",1000,USD,ONE THOUSAND AND 00/100 DOLLARS,08-20-2025,Agent Moore,1,invalid_serial,0.932520537191502
MoneyGram,MG200463071,REF812612,,,,2000,USD,TWO THOUSAND AND 00/100 DOLLARS,08-22-2025,Agent Brown,1,missing_fields,0.931187628996993
MoneyGram,FAKE91791,,Robert Jackson,Michael Davis,"7758 Elm St, Fort Worth, NC 56941",150,USD,ONE HUNDRED FIFTY AND 00/100 DOLLARS,10-13-2025,,1,counterfeit,0.929673822175114
USPS,44398589950,REF719192,William Garcia,William Thomas,"1603 Park Ave, Jacksonville, IL 47782",5000,USD,FIVE THOUSAND AND 00/100 DOLLARS,09-17-2025,Agent Wilson,0,none,1.0
USPS,92720624258,REF905891,Barbara Jackson,Emily Brown,"1792 Spring St, New York, NC 11653",9999,USD,ONE THOUSAND AND 00/100 DOLLARS,08-28-2025,Agent Jones,1,altered_amount,0.9791168910649336
Western Union,WU628564782,REF898105,Christopher Martin,Susan Lopez,"9465 Washington Blvd, San Diego, CA 62034",3000,USD,THREE THOUSAND AND 00/100 DOLLARS,09-02-2025,Agent Brown,0,none,1.0
Western Union,WU433191077,REF923594,David Garcia,James Garcia,"5589 Elm St, New York, MI 25531",500,USD,FIVE HUNDRED AND 00/100 DOLLARS,10-17-2025,Agent Davis,0,none,1.0
MoneyGram,MG249331673,REF427487,Emily Hernandez,Robert Gonzalez,"6598 Park Ave, Fort Worth, PA 56651",50,USD,FIFTY AND 00/100 DOLLARS,12-20-2024,,1,stolen_form,0.90813421372043
MoneyGram,MG146671122,REF395787,,David Anderson,,250,USD,TWO HUNDRED FIFTY AND 00/100 DOLLARS,09-21-2025,,1,missing_fields,0.8968721059010674
USPS,WU222222222,REF412400,David Johnson,William Miller,"2714 Second St, Jacksonville, FL 73395",1000,USD,ONE THOUSAND AND 00/100 DOLLARS,10-07-2025,Agent Johnson,1,duplicate_serial,0.9151087964366338
Western Union,WU538118131,REF714663,Sarah Martinez,Jane Rodriguez,"4673 First Ave, New York, TX 10034",9999,USD,TWO HUNDRED AND 00/100 DOLLARS,08-23-2025,Agent Martin,1,altered_amount,0.9538390546862672
MoneyGram,MG309633983,REF475799,James Smith,Jane Thomas,"5413 Pine St, Charlotte, CA 41214",1000,USD,ONE THOUSAND AND 00/100 DOLLARS,09-18-2025,Agent Anderson,0,none,1.0
Western Union,WU313910590,REF890633,Christopher Martin,David Brown,"4951 Church St, Columbus, FL 37923",1000,USD,ONE THOUSAND AND 00/100 DOLLARS,11-15-2025,Agent Garcia,0,none,1.0
MoneyGram,MG882804816,REF344163,James Wilson,Susan Rodriguez,"9807 Spring St, Dallas, NY 52320",2000,USD,TWO THOUSAND AND 00/100 DOLLARS,09-05-2025,Agent Martinez,0,none,1.0
MoneyGram,MG829215801,REF297074,Mary Jones,David Moore,"8535 Cedar Ln, San Jose, TX 14096",1000,USD,TWO THOUSAND AND 00/100 DOLLARS,08-25-2025,Agent Hernandez,1,amount_mismatch,0.9055302652671564
Western Union,WU573340711,REF607492,,,"858 Second St, Austin, CA 84624",2000,USD,TWO THOUSAND AND 00/100 DOLLARS,09-04-2025,,1,missing_fields,0.9504087530002076
Western Union,WU521745217,REF140108,David Brown,Christopher Wilson,"7619 Broadway, San Antonio, GA 12015",3000,USD,THREE THOUSAND AND 00/100 DOLLARS,04-03-2025,,1,stolen_form,0.9091493629235338
USPS,74648488121,REF435631,Thomas Jones,Charles Johnson,"4550 Pine St, San Jose, OH 89537",2000,USD,TWO THOUSAND AND 00/100 DOLLARS,11-05-2025,Agent Martinez,0,none,1.0
USPS,14781473296,REF155137,Thomas Hernandez,Jane Jones,"5416 Hill Rd, Austin, PA 34221",50,USD,FIFTY AND 00/100 DOLLARS,11-04-2025,Agent Taylor,0,none,1.0
USPS,INVALID9995,REF611736,David Davis,Emily Wilson,"1302 Main St, Columbus, NY 24526",2000,USD,TWO THOUSAND AND 00/100 DOLLARS,10-28-2025,Agent Moore,1,invalid_serial,0.92830159815257
USPS,55463289748,REF807926,William Martinez,Linda Garcia,"9966 Market St, Austin, NY 13578",1500,USD,ONE THOUSAND FIVE HUNDRED AND 00/100 DOLLARS,10-23-2025,Agent Anderson,0,none,1.0
USPS,FAKE27151,,Robert Taylor,William Hernandez,"1776 First Ave, Austin, TX 90515",1500,USD,ONE THOUSAND FIVE HUNDRED AND 00/100 DOLLARS,11-11-2025,,1,counterfeit,0.908981264820008
MoneyGram,MG545914707,REF580162,Christopher Miller,Lisa Smith,"7690 First Ave, Phoenix, FL 35417",1500,USD,ONE THOUSAND FIVE HUNDRED AND 00/100 DOLLARS,09-17-2025,Agent Taylor,0,none,1.0
Western Union,WU910243529,REF914898,,,"9736 Church St, New York, GA 87059",2000,USD,TWO THOUSAND AND 00/100 DOLLARS,08-28-2025,,1,missing_fields,0.9849506212659884
USPS,99788710998,REF422464,Lisa Brown,Linda Moore,"2721 Broadway, Los Angeles, NY 22641",5000,USD,FIVE THOUSAND AND 00/100 DOLLARS,09-19-2025,Agent Taylor,0,none,1.0
Western Union,WU332388784,REF906080,Patricia Johnson,Jane Anderson,"3999 Cedar Ln, Charlotte, OH 77332",250,USD,TWO HUNDRED FIFTY AND 00/100 DOLLARS,09-24-2025,Agent Johnson,0,none,1.0
USPS,44515311215,REF413288,Christopher Moore,Jane Brown,"5547 Second St, Jacksonville, IL 75811",1000,USD,ONE THOUSAND AND 00/100 DOLLARS,11-21-2024,Agent Jackson,1,date_inconsistency,0.9706295514946376
USPS,99933856454,REF249721,Emily Martin,Thomas Smith,"5495 Park Ave, Phoenix, CA 89711",300,USD,THREE HUNDRED AND 00/100 DOLLARS,11-10-2025,Agent Gonzalez,0,none,1.0
USPS,70470412560,REF459400,Michael Lopez,Charles Williams,"4109 Washington Blvd, Austin, OH 41205",100,USD,ONE HUNDRED AND 00/100 DOLLARS,11-04-2025,,1,missing_fields,0.937249002469219
MoneyGram,MG334760881,REF544591,Susan Gonzalez,Charles Rodriguez,"6691 Broadway, Los Angeles, MI 47178",300,USD,THREE HUNDRED AND 00/100 DOLLARS,11-08-2025,Agent Miller,0,none,1.0
MoneyGram,MG145501280,REF886245,John Garcia,Thomas Moore,"4371 Park Ave, Austin, GA 13214",300,USD,THREE HUNDRED AND 00/100 DOLLARS,10-04-2025,Agent Williams,0,none,1.0
USPS,61556373694,REF867275,Barbara Smith,Richard Jackson,"3958 Maple Dr, San Antonio, FL 11402",150,USD,ONE HUNDRED FIFTY AND 00/100 DOLLARS,09-10-2025,Agent Brown,0,none,1.0
USPS,12813990554,REF338924,Charles Moore,Michael Miller,"5184 Oak Ave, Charlotte, CA 14233",2999,USD,ONE THOUSAND FIVE HUNDRED AND 00/100 DOLLARS,09-14-2025,Agent Anderson,1,altered_amount,0.8545782817390196
MoneyGram,WU222222222,REF568270,Charles Davis,David Wilson,"6240 Spring St, Fort Worth, OH 29127",5000,USD,FIVE THOUSAND AND 00/100 DOLLARS,09-02-2025,Agent Anderson,1,duplicate_serial,0.8883978405585417
USPS,FAKE66490,,Jennifer Rodriguez,William Lopez,"8472 Cedar Ln, Austin, NC 16226",100,USD,ONE HUNDRED AND 00/100 DOLLARS,10-16-2025,,1,counterfeit,0.934834032346627
MoneyGram,MG621392649,REF367336,Jane Miller,Barbara Moore,"7042 Church St, San Antonio, NY 64870",3000,USD,THREE THOUSAND AND 00/100 DOLLARS,10-26-2025,Agent Jackson,0,none,1.0
MoneyGram,MG214337924,REF583251,Robert Davis,John Jackson,"4585 Elm St, Los Angeles, OH 21759",100,USD,ONE THOUSAND FIVE HUNDRED AND 00/100 DOLLARS,09-24-2025,Agent Rodriguez,1,amount_mismatch,0.9575309973753392
MoneyGram,MG113351392,REF526056,Richard Brown,David Miller,"913 First Ave, Dallas, IL 60930",250,USD,TWO HUNDRED FIFTY AND 00/100 DOLLARS,11-06-2025,Agent Gonzalez,0,none,1.0
MoneyGram,WU111111111,REF114560,Christopher Davis,Richard Smith,"9145 Park Ave, Los Angeles, CA 94320",50,USD,FIFTY AND 00/100 DOLLARS,08-30-2025,Agent Jones,1,duplicate_serial,0.9678721326512528
USPS,28798243968,REF645672,Jennifer Johnson,Jennifer Jones,"6941 Market St, Houston, GA 80030",1500,USD,ONE THOUSAND FIVE HUNDRED AND 00/100 DOLLARS,10-04-2025,Agent Gonzalez,0,none,1.0
USPS,20023635323,REF439995,Lisa Gonzalez,Susan Jones,"8268 Cedar Ln, San Jose, MI 48803",3000,USD,THREE THOUSAND AND 00/100 DOLLARS,10-27-2025,Agent Martin,0,none,1.0
MoneyGram,MG122359521,REF536042,Charles Jackson,Richard Lopez,"5801 Spring St, San Antonio, PA 30688",100,USD,ONE HUNDRED AND 00/100 DOLLARS,11-15-2025,Agent Martinez,0,none,1.0
MoneyGram,FAKE82758,,Thomas Martin,Charles Moore,"3317 Church St, Houston, PA 81902",3000,USD,THREE THOUSAND AND 00/100 DOLLARS,10-28-2025,,1,counterfeit,0.8780021087443217
USPS,WU777777777,REF342266,Mary Garcia,Charles Johnson,"1682 Maple Dr, Los Angeles, CA 45156",200,USD,TWO HUNDRED AND 00/100 DOLLARS,08-29-2025,Agent Wilson,1,duplicate_serial,0.8540824733617381
USPS,93121580110,REF170147,Sarah Hernandez,Robert Smith,"4667 Second St, San Diego, IL 50473",5000,USD,FIVE THOUSAND AND 00/100 DOLLARS,10-15-2025,Agent Rodriguez,0,none,1.0
USPS,FAKE80263,,James Anderson,David Hernandez,"7501 Church St, Los Angeles, CA 14113",1000,USD,ONE THOUSAND AND 00/100 DOLLARS,08-26-2025,,1,counterfeit,0.9568649641083842
Western Union,INVALID6388,REF725348,Robert Garcia,Jane Jones,"4697 Broadway, San Antonio, IL 57012",500,USD,FIVE HUNDRED AND 00/100 DOLLARS,09-17-2025,Agent Jones,1,invalid_serial,0.9394565529075224
USPS,19485445055,REF565105,Emily Rodriguez,Michael Martin,"5000 Second St, San Jose, OH 85267",1500,USD,ONE THOUSAND FIVE HUNDRED AND 00/100 DOLLARS,09-24-2025,Agent Lopez,0,none,1.0
USPS,94294094281,REF988856,Sarah Williams,Richard Smith,"3703 Washington Blvd, Philadelphia, TX 25405",200,USD,TWO HUNDRED AND 00/100 DOLLARS,09-23-2025,Agent Gonzalez,0,none,1.0
MoneyGram,INVALID4370,REF135022,Christopher Rodriguez,Mary Miller,"1322 Market St, San Jose, OH 76761",3000,USD,THREE THOUSAND AND 00/100 DOLLARS,10-23-2025,Agent Moore,1,invalid_serial,0.9706765428880176
USPS,38192041862,REF296901,Mary Anderson,Thomas Taylor,"5344 Market St, San Antonio, CA 27926",1500,USD,ONE THOUSAND FIVE HUNDRED AND 00/100 DOLLARS,09-28-2024,Agent Johnson,1,date_inconsistency,0.932567325851572
USPS,95586038260,REF654021,Christopher Martinez,Jennifer Brown,"3251 Spring St, Jacksonville, OH 56670",2000,USD,TWO THOUSAND AND 00/100 DOLLARS,09-28-2025,Agent Hernandez,0,none,1.0
MoneyGram,INVALID1022,REF971369,Michael Thomas,John Lopez,"5786 First Ave, Charlotte, NY 57021",50,USD,FIFTY AND 00/100 DOLLARS,08-20-2025,Agent Jones,1,invalid_serial,0.8924649094486456
USPS,62330207060,REF194057,Charles Moore,David Gonzalez,"435 Oak Ave, Columbus, CA 37841",1500,USD,ONE THOUSAND FIVE HUNDRED AND 00/100 DOLLARS,11-02-2025,Agent Miller,0,none,1.0
Western Union,WU245835924,REF994180,Robert Smith,,"9200 Main St, Los Angeles, CA 57694",300,USD,THREE HUNDRED AND 00/100 DOLLARS,10-09-2025,,1,missing_fields,0.8925132306851266
USPS,FAKE25631,,Patricia Jackson,Sarah Martinez,"2676 Maple Dr, Columbus, TX 46034",1000,USD,ONE THOUSAND AND 00/100 DOLLARS,08-23-2025,,1,counterfeit,0.9041850660692512
Western Union,WU518577783,REF909296,Linda Brown,James Gonzalez,"8236 Washington Blvd, Houston, MI 94530",500,USD,FIVE HUNDRED AND 00/100 DOLLARS,10-08-2025,Agent Moore,0,none,1.0
Western Union,WU181445862,REF640757,Patricia Davis,David Jackson,"4687 Second St, Houston, MI 85629",200,USD,TWO HUNDRED AND 00/100 DOLLARS,09-12-2025,Agent Jones,0,none,1.0
Western Union,WU662467993,REF567895,Michael Wilson,Christopher Smith,"9350 Oak Ave, Jacksonville, OH 74586",750,USD,SEVEN HUNDRED FIFTY AND 00/100 DOLLARS,07-21-2024,,1,stolen_form,0.9562283452177994
Western Union,WU440967797,REF878654,Jennifer Jackson,Linda Smith,"6485 Pine St, Chicago, TX 59565",300,USD,THREE HUNDRED AND 00/100 DOLLARS,09-21-2025,Agent Williams,0,none,1.0
Western Union,WU798153236,REF697093,Lisa Smith,John Davis,"1602 Main St, New York, IL 27647",1500,USD,ONE THOUSAND FIVE HUNDRED AND 00/100 DOLLARS,09-18-2025,Agent Williams,0,none,1.0
MoneyGram,FAKE67911,,Patricia Thomas,Michael Smith,"9743 Maple Dr, New York, MI 76104",1000,USD,ONE THOUSAND AND 00/100 DOLLARS,11-05-2025,,1,counterfeit,0.8570977502897654
USPS,11944217302,REF406662,Thomas Smith,Richard Jackson,"9723 Second St, Columbus, OH 76805",100,USD,ONE HUNDRED AND 00/100 DOLLARS,08-31-2025,Agent Gonzalez,0,none,1.0
Western Union,WU265074583,REF648941,Robert Taylor,Michael Taylor,"9489 Pine St, New York, IL 39487",5000,USD,THREE THOUSAND AND 00/100 DOLLARS,09-24-2025,Agent Wilson,1,amount_mismatch,0.98037232356913
USPS,INVALID2169,REF296323,John Rodriguez,Lisa Davis,"5141 Spring St, San Jose, FL 20594",2000,USD,TWO THOUSAND AND 00/100 DOLLARS,08-23-2025,Agent Martin,1,invalid_serial,0.9822117776545672
USPS,79473017574,REF363539,Mary Rodriguez,Emily Anderson,"4059 Second St, Charlotte, NY 94232",2000,USD,TWO THOUSAND AND 00/100 DOLLARS,08-24-2025,Agent Anderson,0,none,1.0
MoneyGram,FAKE99057,,William Taylor,James Davis,"2377 Main St, Columbus, IL 53863",100,USD,ONE HUNDRED AND 00/100 DOLLARS,11-09-2025,,1,counterfeit,0.8900483754929329
MoneyGram,MG424724403,REF404115,Charles Miller,Thomas Gonzalez,"5475 Park Ave, San Diego, NC 85918",100,USD,ONE HUNDRED AND 00/100 DOLLARS,12-10-2025,Agent Johnson,1,date_inconsistency,0.917788318659877
MoneyGram,MG703520547,REF551492,Linda Martin,Linda Taylor,"5906 Park Ave, Philadelphia, CA 29807",150,USD,ONE HUNDRED FIFTY AND 00/100 DOLLARS,10-02-2025,Agent Thomas,0,none,1.0
MoneyGram,MG641133896,REF515168,William Moore,Richard Rodriguez,"9543 Church St, Philadelphia, OH 15145",250,USD,TWO HUNDRED FIFTY AND 00/100 DOLLARS,11-23-2024,Agent Jackson,1,date_inconsistency,0.925362694556607
Western Union,WU447643744,REF942409,Thomas Davis,Jennifer Brown,"920 Pine St, Columbus, NC 68893",500,USD,FIVE HUNDRED AND 00/100 DOLLARS,11-20-2025,Agent Williams,1,date_inconsistency,0.975557596322099
USPS,38287325053,REF229399,Mary Moore,Thomas Davis,"5810 Main St, New York, GA 61488",2000,USD,TWO THOUSAND AND 00/100 DOLLARS,08-28-2025,Agent Jackson,0,none,1.0
MoneyGram,MG885268299,REF979056,Jennifer Jones,James Hernandez,"7302 Oak Ave, Los Angeles, MI 53931",3000,USD,THREE THOUSAND AND 00/100 DOLLARS,10-16-2025,Agent Thomas,0,none,1.0
USPS,77283140751,REF750538,Sarah Martin,Barbara Rodriguez,"6534 Church St, Philadelphia, MI 88518",500,USD,FIVE HUNDRED AND 00/100 DOLLARS,11-06-2025,Agent Thomas,0,none,1.0
